SMILES,pIC50
c1nc(NC2CCCC2)c2nc[nH]c2n1,4.744727495
CCCCCSc1ncnc2[nH]cnc12,4.420216403
c1nc2cnc(NC3CCCCC3)nc2[nH]1,4.508638306
CC(Sc1ncnc2[nH]cnc12)c1ccccc1Cl,4.638272164
CC1CC(Nc2ncnc3[nH]cnc23)CC(C)(C)C1,4.638272164
c1nc(N2CCOCC2)c2nc[nH]c2n1,4.744727495
Nc1ncc(NC(=O)c2cc(NC(=O)c3cccc(C(F)(F)F)c3)ccc2Cl)cc1Cl,4.522878745
NCCn1cc(-c2cc(-c3cc4ccccc4s3)c3[nH]ncc3c2)c2nc(N)ncc21,6.292429824
Cc1[nH]nc2ccc(-c3cc(OC[C@@H](N)Cc4c[nH]c5ccccc45)cnc3-c3ccoc3)cc12,7.508638306
O=C(Cc1ccccc1)Nc1cccc(-c2nc3sccn3c2-c2ccnc(Nc3cccc(N4CCOCC4)c3)n2)c1,6.274905479
COc1ccc(-c2ocnc2C(=O)NCc2ccncc2)cc1,5
O=C(Nc1ccc(Oc2ncnc3[nH]ncc23)cc1)Nc1ccc(Cl)c(C(F)(F)F)c1,5
COCCN(Cc1cc(F)cc2[nH]ncc12)c1nccc(Nc2cc(C3CC3)[nH]n2)n1,7.19314197
CC(CO)N(Cc1cc(F)cc2[nH]ncc12)c1nccc(Nc2cc(C3CC3)[nH]n2)n1,7.149966742
C[C@H](Nc1nccc(Nc2cc(C3CCC3)[nH]n2)n1)c1ccc2[nH]ccc2c1,6.876148359
C[C@H](Nc1nccc(Nc2cc(C3CC3(F)F)[nH]n2)n1)c1ccc2[nH]cnc2c1,6.612610174
COc1cc(Nc2ncc(Br)c(-c3cccc(CC#N)c3)n2)ccc1N1CCN(C)[C@H](C)C1,7.142667504
COc1cc(Nc2ncc(Br)c(-c3cccc(CC#N)c3)n2)ccc1N1CCN(C)[C@@H](C)C1,7.187086643
COc1cc(Nc2ncc(Br)c(-c3cccc(CC#N)c3)n2)ccc1N1CCN(C)C(C)C1,7.214670165
COc1cc(Nc2ncc(Cl)c(-c3cccc(CC#N)c3)n2)ccc1N1CCN(C)C(C)C1,6.899629455
Cc1nnc(-c2cc(Nc3ncc(Cl)c(-c4cccc(CC#N)c4)n3)ccc2N2CCN(C)CC2)o1,5.077793723
Cc1cnc(-c2cc(Nc3ncc(Cl)c(-c4cccc(CC#N)c4)n3)ccc2N2CCN(C)CC2)o1,6.196542884
CN1CCN(c2ccc(Nc3ncc(Cl)c(-c4cccc(CC#N)c4)n3)cc2-c2ncco2)CC1,5.847711656
CCN(CC)C(=O)c1cc(Nc2ncc(Cl)c(-c3cccc(CC#N)c3)n2)ccc1N1CCN(C)CC1,5.396855627
CNC(=O)c1cc(Nc2ncc(Cl)c(-c3cccc(CC#N)c3)n2)ccc1N1CCN(C)CC1,5.1837587
CN1CCN(c2ccc(Nc3ncc(Cl)c(-c4cccc(CC#N)c4)n3)cc2C#N)CC1,6.107905397
CCOC(=O)c1cc(Nc2ncc(Cl)c(-c3cccc(CC#N)c3)n2)ccc1N1CCN(C)CC1,6.539102157
CN1CCN(c2ccc(Nc3ncc(Cl)c(-c4cccc(CC#N)c4)n3)cc2C(=O)O)CC1,4.946921557
COCCOc1cc(Nc2ncc(Cl)c(-c3cccc(CC#N)c3)n2)ccc1N1CCN(C)CC1,5.540607512
CCOc1cc(Nc2ncc(Cl)c(-c3cccc(CC#N)c3)n2)ccc1N1CCN(C)CC1,6.019088062
CN1CCN(c2ccc(Nc3ncc(Cl)c(-c4cccc(CC#N)c4)n3)cc2O)CC1,6.171340103
CN1CCN(c2ccc(Nc3ncc(Cl)c(-c4cccc(CC#N)c4)n3)cc2F)CC1,6.261219442
COc1cc(Nc2ncc(Cl)c(-c3cccc(NC(C)=O)c3)n2)ccc1N1CCN(C)CC1,5.330683119
COc1cc(Nc2ncc(Cl)c(-c3cccc(C(=O)O)c3)n2)ccc1N1CCN(C)CC1,5.283162277
CCOC(=O)c1cccc(-c2nc(Nc3ccc(N4CCN(C)CC4)c(OC)c3)ncc2Cl)c1,5.571865206
COc1cc(Nc2ncc(Cl)c(-c3cccc(C(=O)NCC#N)c3)n2)ccc1N1CCN(C)CC1,5.669586227
COc1cc(Nc2ncc(Cl)c(-c3cccc(C(C)(C)C#N)c3)n2)ccc1N1CCN(C)CC1,6.00656377
COc1cc(C#N)cc(-c2nc(Nc3ccc(N4CCN(C)CC4)c(OC)c3)ncc2Cl)c1,6.312471039
COc1cc(Nc2ncc(Cl)c(-c3cc(Cl)cc(C#N)c3)n2)ccc1N1CCN(C)CC1,6.643974143
COc1cc(Nc2ncc(Cl)c(-c3cc(Cl)cc(CC#N)c3)n2)ccc1N1CCN(C)CC1,6.987162775
COc1cc(Nc2ncc(Cl)c(-c3cc(F)cc(CC#N)c3)n2)ccc1N1CCN(C)CC1,7.008773924
COc1cc(Nc2ncc(Cl)c(-c3cccc(CC#N)c3)n2)ccc1N1CCN(C)CC1,6.958607315
COCCNc1nc2ccc(C#CC3(O)CCCCC3)cc2n1-c1ccnc(N)n1,5.266000713
CS(=O)(=O)O.O=C(NCc1cccc(O)c1)Nc1nc(-c2ccncc2)cs1,9
Oc1cccc(Nc2ccnc3[nH]c4ccccc4c23)c1,5
CCNc1nc2ccc(C#CC(C)(C)O)cc2n1-c1ncnc(N)n1,5.017728767
CCNc1nc2ccc(C#C[C@@](C)(O)c3cc(C)on3)cc2n1-c1ncnc(N)n1,5.346787486
CNc1nc2ccc(C#C[C@@](C)(O)c3cc(C)on3)cc2n1-c1ncnc(N)n1,5.346787486
CCn1nc(C#Cc2cc(C(=O)Nc3ccc(CN4CCN(C)CC4)c(C(F)(F)F)c3)ccc2C)c2c(N)ncnc21,5
N[C@H]1CC[C@H](CNc2nccc(Nc3cc(C4CC4)[nH]n3)n2)CC1,5.657577319
C[C@H](Nc1nccc(Nc2cc(C3CC3)[nH]n2)n1)c1ccc2[nH]ccc2c1,6.920818754
C[C@H](Nc1nccc(Nc2cc(C3CC3)[nH]n2)n1)c1ccc2[nH]cnc2c1,6.55129368
Clc1c(CNc2nccc(Nc3cc(C4CC4)[nH]n3)n2)ccc2[nH]cnc12,6.441291429
CN(Cc1ccc2[nH]cnc2c1Cl)c1nccc(Nc2cc(C3CC3)[nH]n2)n1,6.958607315
CCN(Cc1ccc2[nH]cnc2c1Cl)c1nccc(Nc2cc(C3CC3)[nH]n2)n1,7.070581074
CN1CC[C@H](c2cc(Nc3ccnc(N(C)Cc4ccc5[nH]cnc5c4Cl)n3)n[nH]2)C1=O,5.107905397
CN1CC[C@H](c2cc(Nc3ccnc(N(C)C[C@H]4CC[C@H](N)CC4)n3)n[nH]2)C1=O,5
CCN(C[C@H]1CC[C@H](N)CC1)c1nccc(Nc2cc([C@H]3CCN(C)C3=O)[nH]n2)n1,5
CCn1c(Nc2ccc(N3CCN(C)CC3)cc2)ncc(-c2ccc(-c3cncs3)cc2Cl)c1=O,8.552841969
CC(=O)N1CCc2cc(-c3cnc4[nH]cc(C(=O)c5ccccc5Cl)c4c3)ccc2C1,6.568636236
CN1CCc2cc(-c3cnc4[nH]cc(C(=O)c5ccccc5Cl)c4c3)ccc2C1,9
CN1CCc2ccc(-c3cnc4[nH]cc(C(=O)c5ccccc5Cl)c4c3)cc2C1,8.346787486
CN1Cc2ccc(-c3cnc4[nH]cc(C(=O)c5ccccc5Cl)c4c3)cc2C1,7.48148606
COc1nn(C)cc1-c1cnc2[nH]cc(C(=O)c3cc(CCO)ccc3Cl)c2c1,8.236572006
COc1nn(C)cc1-c1cnc2[nH]cc(C(=O)c3ccc(CCO)cc3Cl)c2c1,6.853871964
COc1nn(C)cc1-c1cnc2[nH]cc(C(=O)c3ccc(COc4cccnc4)cc3Cl)c2c1,6.886056648
COc1nn(C)cc1-c1cnc2[nH]cc(C(=O)c3ccc(COc4ccccn4)cc3Cl)c2c1,7.853871964
COc1nn(C)cc1-c1cnc2[nH]cc(C(=O)c3ccc(COc4ccccc4F)cc3Cl)c2c1,7.318758763
COc1nn(C)cc1-c1cnc2[nH]cc(C(=O)c3ccc(COc4ccccc4)cc3Cl)c2c1,7.366531544
COc1c(-c2cnc3[nH]cc(C(=O)c4ccc(CO)cc4Cl)c3c2)cnn1C,7.431798276
CC(=O)N1CCC(n2cc(-c3cnc4[nH]cc(C(=O)c5ccc(CO)cc5Cl)c4c3)cn2)CC1,7.259637311
CN1CCC(n2cc(-c3cnc4[nH]cc(C(=O)c5ccc(CO)cc5Cl)c4c3)cn2)CC1,7.920818754
O=C(c1ccc(COc2ccccc2)cc1Cl)c1c[nH]c2ncc(-c3cnn(C4CCNCC4)c3)cc12,8.522878745
COCc1ccc(C(=O)c2c[nH]c3ncc(-c4cnn(C5CCNCC5)c4)cc23)c(Cl)c1,7.677780705
O=C(c1ccc(CO)cc1Cl)c1c[nH]c2ncc(-c3cnn(C4CCNCC4)c3)cc12,8.119186408
CS(=O)(=O)c1ccc(C(=O)c2c[nH]c3ncc(-c4cnn(C5CCNCC5)c4)cc23)c(Cl)c1,6.356547324
NC(=O)c1ccc(C(=O)c2c[nH]c3ncc(-c4cnn(C5CCNCC5)c4)cc23)c(Cl)c1,6.200659451
N#Cc1ccc(C(=O)c2c[nH]c3ncc(-c4cnn(C5CCNCC5)c4)cc23)c(Cl)c1,7.638272164
O=C(c1ccc(Cl)cc1Cl)c1c[nH]c2ncc(-c3cnn(C4CCNCC4)c3)cc12,8.124938737
O=C(c1ccc(F)cc1Cl)c1c[nH]c2ncc(-c3cnn(C4CCNCC4)c3)cc12,7.886056648
N#Cc1ccc(Cl)c(C(=O)c2c[nH]c3ncc(-c4cnn(C5CCNCC5)c4)cc23)c1,6.187086643
O=C(c1cc(CO)ccc1Cl)c1c[nH]c2ncc(-c3cnn(C4CCNCC4)c3)cc12,7.193820026
Cc1cccc(Cl)c1C(=O)c1c[nH]c2ncc(-c3cnn(C4CCNCC4)c3)cc12,7.055517328
O=C(c1ccc(COc2ccccc2)cc1)c1c[nH]c2ncc(-c3cnn(C4CCNCC4)c3)cc12,7.075720714
O=C(c1ccc(CO)cc1)c1c[nH]c2ncc(-c3cnn(C4CCNCC4)c3)cc12,6.200659451
O=C(c1ccc(Cl)cc1)c1c[nH]c2ncc(-c3cnn(C4CCNCC4)c3)cc12,6.585026652
O=C(c1cccc(Cl)c1)c1c[nH]c2ncc(-c3cnn(C4CCNCC4)c3)cc12,5.698970004
COc1ccccc1C(=O)c1c[nH]c2ncc(-c3cnn(C4CCNCC4)c3)cc12,6.30980392
N#Cc1ccccc1C(=O)c1c[nH]c2ncc(-c3cnn(C4CCNCC4)c3)cc12,6.13076828
O=C(c1ccccc1F)c1c[nH]c2ncc(-c3cnn(C4CCNCC4)c3)cc12,6.920818754
Cc1ccccc1C(=O)c1c[nH]c2ncc(-c3cnn(C4CCNCC4)c3)cc12,7.200659451
O=C(c1ccccc1)c1c[nH]c2ncc(-c3cnn(C4CCNCC4)c3)cc12,6.397940009
O=S(=O)(c1ccccc1Cl)c1c[nH]c2ncc(-c3cnn(C4CCNCC4)c3)cc12,5.200659451
Clc1ccccc1-c1c[nH]c2ncc(-c3cnn(C4CCNCC4)c3)cc12,6.337242168
O=C(c1ccccc1Cl)c1c[nH]c2ncc(-c3cnn(C4CCNCC4)c3)cc12,7.744727495
Clc1ccccc1Cc1c[nH]c2ncc(-c3cnn(C4CCNCC4)c3)cc12,7.080921908
CCn1c(=O)c(-c2ccc(-c3cncs3)cc2Cl)cc2cnc(Nc3ccc(N4CCN(C)CC4)cc3)nc21,8.113509275
Cc1nc(Nc2[nH]nc3c2CN(C(=O)N[C@H](CN(C)C)c2ccccc2)C3(C)C)c2sccc2n1,7.863279433
CN1CCN(C2=Nc3cc(F)ccc3N(C)c3ccc(Cl)cc32)CC1,4.602059991
CN1CCN(C2=Nc3cc(F)ccc3Nc3ccc(F)cc32)CC1,4.26760624
CC(C)NC(=O)N1CC[C@H](NC2=Nc3cc(F)ccc3N(CC(F)F)c3ccc(Cl)cc32)C1,8.283996656
CCN1c2ccc(F)cc2N=C(N[C@H]2CCN(C(=O)NC(C)(C)C)C2)c2cc(Cl)ccc21,7.744727495
CCN1c2ccc(F)cc2N=C(N[C@H]2CCN(C(=O)OC(C)(C)C)C2)c2cc(Cl)ccc21,6.721246399
CCN1c2ccc(F)cc2N=C(N2CCN(C)CC2)c2cc(Cl)ccc21,6.490797478
Oc1ccc2ccccc2c1SSc1c(O)ccc2ccccc12,5.602059991
CCn1c(=O)c(-c2ccc(Cl)cc2Cl)cc2cnc(Nc3ccc(N4CCNCC4)c(F)c3)nc21,8.080921908
CN(C)CCCNC(=O)c1csc2nc(-c3ccc(NC(=O)Nc4cc(C(C)(C)C)on4)cc3)cn12,5
O=C(O)C1CN(Cc2ccc(OCc3ccc(Cl)c(Cl)c3)cc2)C1,5
Cn1c(=O)c(S(=O)(=O)c2ccc(F)cc2F)cc2cnc(Nc3ccc4[nH]ccc4c3)nc21,5
CNc1ncc2cc(-c3ccc(-c4cccc(C)n4)cc3Cl)c(=O)n(C[C@@H]3CCNCC3(F)F)c2n1,7.27572413
CNc1ncc2cc(-c3ccc(-c4cccc(C)n4)cc3Cl)c(=O)n(CC3COC4(CNC4)OC3)c2n1,7.13667714
CNc1ncc2cc(-c3ccc(-c4cccc(C)n4)cc3Cl)c(=O)n(C[C@H]3OC[C@H](NC)CO3)c2n1,7.244125144
CNc1ncc2cc(-c3ccc(-c4cccc(C)n4)cc3Cl)c(=O)n(C[C@H]3OC[C@H](N)CO3)c2n1,7.161150909
CCNc1ncc2cc(-c3ccc(-c4cncc(C)n4)cc3Cl)c(=O)n(C[C@H]3OC[C@H](N)CO3)c2n1,6.829738285
CNc1ncc2cc(-c3ccc(-c4cncc(C)n4)cc3Cl)c(=O)n(C[C@H]3CNCCO3)c2n1,6.399027104
CCNc1ncc2cc(-c3ccc(-c4cncc(C)n4)cc3Cl)c(=O)n(CC3CCNC(=O)C3)c2n1,6.089909454
CCNc1ncc2cc(-c3ccc(-c4cncc(C)n4)cc3Cl)c(=O)n(CCCO)c2n1,6.008773924
CNc1ncc2cc(-c3ccc(-c4cncc(C)n4)cc3Cl)c(=O)n(C[C@H]3CC[C@H](N)CC3)c2n1,6.467245621
CCNc1ncc2cc(-c3ccc(-c4cccc(C)n4)cc3Cl)c(=O)n(C[C@H]3CC[C@H](N)CC3)c2n1,7.346787486
CCNc1ncc2cc(-c3ccc(-c4cncc(C)n4)cc3Cl)c(=O)n(C[C@H]3CC[C@H](N)CC3)c2n1,6.906578315
CCNc1ncc2cc(-c3ccc(-c4cncc(C)n4)cc3Cl)c(=O)n(CCCCN)c2n1,6.832682665
CCNc1ncc2cc(-c3ccc(-c4cncc(C)n4)cc3Cl)c(=O)n(CC3CCNCC3)c2n1,6.838631998
CCn1c(=O)c(-c2ccc(-c3cncc(C)n3)cc2Cl)cc2cnc(NCCC3CCN(C)CC3)nc21,6.653647026
C[C@@H](Nc1nccc(Nc2cc(C3CC3)[nH]n2)n1)c1ccc2[nH]ccc2n1,6.164309429
CCS(=O)(=O)c1cc(Nc2ncc(F)c(N(C)c3cc(CO)ccc3C)n2)ccc1N1CCN(C)CC1,6.26760624
CCS(=O)(=O)c1cc(Nc2ncc(F)c(N(Cc3ccccc3C#N)c3cc(CO)ccc3C)n2)ccc1N1CCN(C)CC1,7.229147988
CCS(=O)(=O)c1cc(Nc2ncc(F)c(N(Cc3ccccc3F)c3cc(CO)ccc3C)n2)ccc1N1CCN(C)CC1,6.886056648
CCS(=O)(=O)c1cc(Nc2ncc(F)c(N(Cc3ccccc3)c3cc(CO)ccc3C)n2)ccc1N1CCN(C)CC1,6.638272164
CCN(c1cc(CO)ccc1C)c1nc(Nc2ccc(N3CCN(C)CC3)c(S(=O)(=O)CC)c2)ncc1F,6.27572413
CCS(=O)(=O)c1cc(Nc2ncc(F)c(N(C)c3cc(CO)c(C)cc3C)n2)ccc1N1C[C@@H]2C[C@H]1CN2C,6.958607315
CCS(=O)(=O)c1cc(Nc2ncc(F)c(N(C)c3cc(CO)c(C)cc3C)n2)cc(N2CCOCC2)c1,6.568636236
CCS(=O)(=O)c1cc(Nc2ncc(F)c(N(C)c3cc(CO)c(C)cc3C)n2)ccc1N1CCN(C)CC1,6.698970004
Cc1ccc(CO)cc1N(C)c1nc(Nc2ccc(N3CCN(C)CC3)c(S(C)(=O)=O)c2)ncc1F,6.091514981
Cc1cc(C)c(N(C)c2nc(Nc3ccc(N4CCN(C)CC4)cc3)ncc2F)cc1CO,5.677780705
Cc1cc(C)c(N(C)c2nc(Nc3cc(N4CCOCC4)cc(S(C)(=O)=O)c3)ncc2F)cc1CO,6.657577319
CN(c1cc(CO)ccc1Cl)c1nc(Nc2cc(N3CCOCC3)cc(S(C)(=O)=O)c2)ncc1F,6.318758763
COCc1ccc(C)c(N(C)c2nc(Nc3cc(N4CCOCC4)cc(S(C)(=O)=O)c3)ncc2F)c1,5.48148606
Cc1ccc(N(C)c2nc(Nc3cc(N4CCOCC4)cc(S(C)(=O)=O)c3)ncc2F)cc1CO,6.37675071
CN(c1cccc(CO)c1)c1nc(Nc2cc(N3CCOCC3)cc(S(C)(=O)=O)c2)ncc1F,4.853871964
Cc1ccc(CO)cc1N(C)c1nc(Nc2cc(N3CCOCC3)cc(S(C)(=O)=O)c2)ncc1F,6.065501549
Cc1ccc(CO)cc1N(C)c1ccnc(Nc2cc(N3CCOCC3)cc(S(C)(=O)=O)c2)n1,5.508638306
CC1(C)C(=O)N([C@H]2CCc3c(O)cccc32)c2nc(Nc3ccccc3)ncc21,5
COc1ccccc1-n1cc(COC(=O)C2CCn3c(C(=O)c4ccccc4)ccc32)nn1,7.187086643
O=C(c1ccccc1)c1ccc2n1CCC2C(=O)O,4.443697499
COc1cccc(Nc2nc(NCC3CCCO3)c3ccccc3n2)c1,4.315154638
CN[C@@H]1C[C@H]2O[C@@](C)([C@@H]1OC)n1c3ccccc3c3c4c(c5c6ccccc6n2c5c31)C(=O)NC4,9.522878745
O=C(Cc1cccc(OCCCN2CCNCC2)c1)Nc1nc(-c2ccncc2)cs1,5
O=C(Cc1cccc(OCCCC2CCNCC2)c1)Nc1nc(-c2ccncc2)cs1,5
CC(=O)n1nc(C)c(-c2ccc(Cl)c(Cl)c2)c1N,4
Oc1ccc(/C=C/c2cc(O)cc(O)c2)cc1,4.823908741
CO[C@@H]1[C@@H](O)[C@H](O[C@H]2[C@H](O)CO[C@@H](O[C@H]3[C@H](O)[C@@H](O[C@@H]4OC[C@@H](O)[C@H](O)[C@H]4O)[C@H](O[C@H]4[C@H](O[C@H]5CC[C@]6(C)[C@@H]7CCC89C(=O)O[C@@](C)(CCCC(C)C)[C@H]8[C@@H](OC(C)=O)C[C@@]9(C)C7=CC[C@H]6C5(C)C)OC[C@@H](OS(=O)(=O)[O-])[C@@H]4O)O[C@@H]3C)[C@@H]2O)O[C@H](CO)[C@H]1O.[Na+],6
COc1cc(/C=C/C(=O)CC(=O)/C=C/c2ccc(O)c(OC)c2)ccc1O,4.795880017
CCCCCC(=O)c1c(O)cc(OC)c(Cl)c1O,5.602059991
C/C=C1\NC(=O)[C@H]2CSSCC/C=C/[C@@H](CC(=O)N[C@H](C(C)C)C(=O)N2)OC(=O)[C@H](C(C)C)NC1=O,9
CC(C)=CCc1cc(/C=C/C(=O)O)cc(CC=C(C)C)c1O,4.602059991
COCC[n+]1c2c(n(Cc3cnccn3)c1C)C(=O)c1ccccc1C2=O.[Br-],6.301029996
Cc1cc(C)cc(NC(=N)Nc2ccccc2C(F)(F)F)c1,5.397940009
O=C(Cc1ccc(-c2ccccc2)cc1)Nc1cc(C2CCC2)[nH]n1,5
CN(C)c1ccc(C(=O)Nc2cccc(NC(=O)COc3ccc4c(=O)ccoc4c3)c2)cc1,5
Cc1cnc(-c2cc(Cl)ccc2F)cc1-n1c(=O)n(CC(N)=O)c2cnccc21,5.301029996
O=C(NCC(F)(F)F)c1cc(-c2cnn3cc(-c4ccc(OCCN5CCCCC5)cc4)cnc23)cs1,5.080921908
Cn1cc(-c2cnc3c(-c4csc(C(=O)NCC(F)(F)F)c4)cnn3c2)cn1,5.207608311
Cn1cc(-c2cnc3c(-c4csc(C(=O)N[C@@H]5CCCC[C@@H]5N)c4)cnn3c2)cn1,7.619788758
Cc1sc(C(=O)N[C@@H]2[C@H](N)CCCC2(F)F)cc1-c1cnn2cc(Cl)cnc12,5.677780705
C[C@@H]1C[C@H]1C(=O)N1CCN(c2cnc(C#N)c(-c3cnn(C)c3)n2)C[C@H]1C,4
CNC(=O)c1n[nH]c2cc(-c3ccccc3Cl)ccc12,5.301029996
CNC(=O)c1n[nH]c2cc(-c3ccc(-c4cncc(C)n4)cc3Cl)ccc12,6.798602876
CNC(=O)c1n[nH]c2cc(-c3ccc(-c4cccc(C)n4)cc3Cl)ccc12,7.283996656
Cc1cncc(-c2ccc(-c3ccc4c(C(=O)NCC5CC5)n[nH]c4c3)c(Cl)c2)n1,6.109578981
Cc1cccc(-c2ccc(-c3ccc4c(C(=O)NCC5CC5)n[nH]c4c3)c(Cl)c2)n1,6.640164518
CNC(=O)c1n[nH]c2cc(-c3ccc(-n4cccc(C)c4=O)cc3Cl)ccc12,7.795880017
CNC(=O)c1n[nH]c2cc(-c3ccc(-n4ccccc4=O)cc3Cl)ccc12,6.48148606
Cc1cccn(-c2ccc(-c3ccc4c(C(=O)NCC5CC5)n[nH]c4c3)c(Cl)c2)c1=O,7.468521083
O=C(NCC1CC1)c1n[nH]c2cc(-c3ccc(-n4ccccc4=O)cc3Cl)ccc12,6.229147988
CCNC(=O)c1n[nH]c2cc(-c3ccc(-n4cccc(C)c4=O)cc3Cl)ccc12,7.346787486
Cc1cccn(-c2ccc(-c3ccc4c(C(=O)NCCO)n[nH]c4c3)c(Cl)c2)c1=O,7.180456064
COCCNC(=O)c1n[nH]c2cc(-c3ccc(-n4cccc(C)c4=O)cc3Cl)ccc12,7.148741651
Cc1cccn(-c2ccc(-c3ccc4c(C(=O)N5CCCC5)n[nH]c4c3)c(Cl)c2)c1=O,5
Cc1cccn(-c2ccc(-c3ccc4c(C(=O)N5CCOCC5)n[nH]c4c3)c(Cl)c2)c1=O,5
Cc1cccn(-c2ccc(-c3ccc4c(C(=O)NC5CCOCC5)n[nH]c4c3)c(Cl)c2)c1=O,6.128427064
Cc1cccn(-c2ccc(-c3ccc4c(C(=O)NC5CCN(C)CC5)n[nH]c4c3)c(Cl)c2)c1=O,6.844663963
Cc1cccn(-c2ccc(-c3ccc4c(C(=O)NCC5CCOCC5)n[nH]c4c3)c(Cl)c2)c1=O,7.37675071
Cc1cccn(-c2ccc(-c3ccc4c(C(=O)NCC5CCN(C)CC5)n[nH]c4c3)c(Cl)c2)c1=O,7.657577319
Cc1cccn(-c2ccc(-c3ccc4c(C(=O)Nc5ccncc5)n[nH]c4c3)c(Cl)c2)c1=O,7.795880017
Cc1cccn(-c2ccc(-c3ccc4c(C(=O)NCc5ccncc5)n[nH]c4c3)c(Cl)c2)c1=O,8.008773924
Cc1cccn(-c2ccc(-c3ccc4c(C(=O)NCCc5ccncc5)n[nH]c4c3)c(Cl)c2)c1=O,7.677780705
Cc1cccn(-c2ccc(-c3ccc4c(C(=O)NCc5ccccc5)n[nH]c4c3)c(Cl)c2)c1=O,7.036212173
CN(C)c1ccc(/C=C2/C(=O)Nc3ccc(NC(=O)CCN4CCOCC4)cc32)cc1,5.238824187
O=C(CCN1CCOCC1)Nc1ccc2c(c1)/C(=C\c1ccc([N+](=O)[O-])cc1)C(=O)N2,4.301029996
COc1cc(/C=C2/C(=O)Nc3ccc(NC(=O)CCN4CCOCC4)cc32)cc(OC)c1OC,4.61780279
COc1ccc(/C=C2/C(=O)Nc3ccc(NC(=O)CCN4CCOCC4)cc32)cc1OC,4.651111277
COc1ccc(/C=C2/C(=O)Nc3ccc(NC(=O)CCN4CCOCC4)cc32)cc1,5.027797162
Cc1cc(/C=C2/C(=O)Nc3ccc(NC(=O)CCN4CCOCC4)cc32)cc(C)c1O,4.915423722
COc1cc(/C=C2/C(=O)Nc3ccc(NC(=O)CCN4CCOCC4)cc32)ccc1O,4.967381239
O=C(CCN1CCOCC1)Nc1ccc2c(c1)/C(=C\c1ccc(O)c(O)c1)C(=O)N2,5.498940738
O=C(CCN1CCOCC1)Nc1ccc2c(c1)/C(=C\c1ccc(O)cc1)C(=O)N2,5.467245621
O=C(CCN1CCCCC1)Nc1ccc2c(c1)/C(=C\c1cnc3ccccn13)C(=O)N2,5.131943638
O=C(CCN1CCCCC1)Nc1ccc2c(c1)/C(=C\c1ccc3[nH]ncc3c1)C(=O)N2,4.937042166
O=C(CCN1CCCCC1)Nc1ccc2c(c1)/C(=C\c1c[nH]c3ccccc13)C(=O)N2,5.238824187
O=C(CCN1CCCCC1)Nc1ccc2c(c1)/C(=C\c1ccc3ccccc3c1)C(=O)N2,4.522878745
O=C(CCN1CCCCC1)Nc1ccc2c(c1)/C(=C\c1ccc(F)c(Cl)c1)C(=O)N2,5.106238238
O=C(CCN1CCCCC1)Nc1ccc2c(c1)/C(=C\c1ccc(O)cc1)C(=O)N2,4.880414225
O=C(CCN1CCCCC1)Nc1ccc2c(c1)/C(=C\c1ccco1)C(=O)N2,5.019542108
O=C1Nc2ccc(NC(=O)N3CCOCC3)cc2/C1=C\c1ccc2[nH]ncc2c1,4.595337299
O=C1Nc2ccc(NC(=O)N3CCOCC3)cc2/C1=C\c1ccc(O)cc1,4.522878745
COc1ccc(/C=C2/C(=O)Nc3ccc(NC(=O)N4CCOCC4)cc32)cc1,4.522878745
CN(C)c1ccc(/C=C2/C(=O)Nc3ccc(NC(=O)N4CCOCC4)cc32)cc1,4.522878745
O=C1Nc2ccc(NC(=O)N3CCOCC3)cc2/C1=C\c1ccc(F)c(Cl)c1,4.635636645
O=C(CCN1CCOCC1)Nc1ccc2c(c1)/C(=C\c1ccc(F)c(Cl)c1)C(=O)N2,5.612610174
O=C(CCN1CCOCC1)Nc1ccc2c(c1)/C(=C\c1n[nH]c3ccccc13)C(=O)N2,6.657577319
O=C(CCN1CCOCC1)Nc1ccc2c(c1)/C(=C\c1c[nH]c3ccccc13)C(=O)N2,6.080921908
O=C(CCN1CCOCC1)Nc1ccc2c(c1)/C(=C\c1ccc3[nH]ncc3c1)C(=O)N2,5.361510743
Cc1ccc(C(=O)N2CCC(Nc3ncnc4[nH]ncc34)CC2)cc1,4.403952992
Cc1ccccc1C(=O)N1CCC(Nc2ncnc3[nH]ncc23)CC1,4.478731124
Cc1cc(C)c(C(=O)N2CCC(Nc3ncnc4[nH]ncc34)CC2)c(C)c1,4.507379278
O=C(c1ccc(F)cc1)N1CCC(Nc2ncnc3[nH]ncc23)CC1,5.106793247
O=C(c1ccc(Cl)cc1)N1CCC(Nc2ncnc3[nH]ncc23)CC1,5.025028006
O=C(c1ccccc1Cl)N1CCC(Nc2ncnc3[nH]ncc23)CC1,5.164943898
O=C(c1ccc(Br)cc1)N1CCC(Nc2ncnc3[nH]ncc23)CC1,4.534468443
O=C(c1ccc(C(F)(F)F)cc1)N1CCC(Nc2ncnc3[nH]ncc23)CC1,4.301029996
O=C(c1cccc(C(F)(F)F)c1)N1CCC(Nc2ncnc3[nH]ncc23)CC1,4.301029996
O=C(c1cccc(Cl)c1Cl)N1CCC(Nc2ncnc3[nH]ncc23)CC1,5.169411331
Cc1ccc(NC(=O)N2CCC(Nc3ncnc4[nH]ncc34)CC2)cc1,4.758453519
Cc1cccc(C)c1NC(=O)N1CCC(Nc2ncnc3[nH]ncc23)CC1,5.202732459
COc1ccc(NC(=O)N2CCC(Nc3ncnc4[nH]ncc34)CC2)cc1,4.861381566
O=C(Nc1cccc(Cl)c1)N1CCC(Nc2ncnc3[nH]ncc23)CC1,5.143875556
O=C(Nc1ccccc1Cl)N1CCC(Nc2ncnc3[nH]ncc23)CC1,5.280668713
O=C(Nc1ccc(Br)cc1)N1CCC(Nc2ncnc3[nH]ncc23)CC1,4.747389659
O=C(Nc1ccc(C(F)(F)F)cc1)N1CCC(Nc2ncnc3[nH]ncc23)CC1,4.802719442
O=C(Nc1ccc(F)cc1F)N1CCC(Nc2ncnc3[nH]ncc23)CC1,5.286509457
O=C(Nc1ccc(Cl)c(Cl)c1)N1CCC(Nc2ncnc3[nH]ncc23)CC1,4.964570262
O=C(Nc1ccc(Cl)cc1Cl)N1CCC(Nc2ncnc3[nH]ncc23)CC1,5.262807357
O=C(Nc1cc(C(F)(F)F)cc(C(F)(F)F)c1)N1CCC(Nc2ncnc3[nH]ncc23)CC1,5.030584088
O=C(Nc1cccc2ccccc12)N1CCC(Nc2ncnc3[nH]ncc23)CC1,4.301029996
Cc1ccc(NC(=S)N2CCC(Nc3ncnc4[nH]ncc34)CC2)cc1,4.708853238
Cc1cccc(C)c1NC(=S)N1CCC(Nc2ncnc3[nH]ncc23)CC1,5.133122186
COc1ccc(NC(=S)N2CCC(Nc3ncnc4[nH]ncc34)CC2)cc1,4.820735536
S=C(Nc1ccccc1Cl)N1CCC(Nc2ncnc3[nH]ncc23)CC1,5.175874166
S=C(Nc1cccc(Cl)c1)N1CCC(Nc2ncnc3[nH]ncc23)CC1,5.102922997
FC(F)(F)c1cc(NC(=S)N2CCC(Nc3ncnc4[nH]ncc34)CC2)cc(C(F)(F)F)c1,5.059981845
S=C(Nc1cccc2ccccc12)N1CCC(Nc2ncnc3[nH]ncc23)CC1,4.301029996
Cc1ccc(C(=O)NC2CCN(c3ncnc4[nH]ncc34)CC2)cc1,5.251037139
Cc1ccccc1C(=O)NC1CCN(c2ncnc3[nH]ncc23)CC1,5.203425667
Cc1cc(C)c(C(=O)NC2CCN(c3ncnc4[nH]ncc34)CC2)c(C)c1,5.169411331
COc1ccc(C(=O)NC2CCN(c3ncnc4[nH]ncc34)CC2)cc1,5.054531415
O=C(NC1CCN(c2ncnc3[nH]ncc23)CC1)c1ccc(F)cc1,5.342944147
O=C(NC1CCN(c2ncnc3[nH]ncc23)CC1)c1ccc(Br)cc1,4.785156152
O=C(NC1CCN(c2ncnc3[nH]ncc23)CC1)c1ccc(C(F)(F)F)cc1,5.241088108
O=C(NC1CCN(c2ncnc3[nH]ncc23)CC1)c1cccc(C(F)(F)F)c1,5.600326279
O=C(NC1CCN(c2ncnc3[nH]ncc23)CC1)c1ccccc1Cl,5.280668713
O=C(NC1CCN(c2ncnc3[nH]ncc23)CC1)c1cccc(Cl)c1Cl,5.379863945
Cc1ccc(NC(=O)NC2CCN(c3ncnc4[nH]ncc34)CC2)cc1,5.326979093
Cc1cccc(C)c1NC(=O)NC1CCN(c2ncnc3[nH]ncc23)CC1,5.665546249
COc1ccc(NC(=O)NC2CCN(c3ncnc4[nH]ncc34)CC2)cc1,5.195860568
O=C(Nc1ccc(Br)cc1)NC1CCN(c2ncnc3[nH]ncc23)CC1,5.394694954
O=C(Nc1ccc(C(F)(F)F)cc1)NC1CCN(c2ncnc3[nH]ncc23)CC1,5.145693958
O=C(Nc1cccc(Cl)c1)NC1CCN(c2ncnc3[nH]ncc23)CC1,5.906578315
O=C(Nc1ccccc1Cl)NC1CCN(c2ncnc3[nH]ncc23)CC1,6.251811973
O=C(Nc1ccc(Cl)c(Cl)c1)NC1CCN(c2ncnc3[nH]ncc23)CC1,5.640164518
O=C(Nc1ccc(F)cc1F)NC1CCN(c2ncnc3[nH]ncc23)CC1,5.943095149
O=C(Nc1cc(C(F)(F)F)cc(C(F)(F)F)c1)NC1CCN(c2ncnc3[nH]ncc23)CC1,6.769551079
O=C(Nc1cccc2ccccc12)NC1CCN(c2ncnc3[nH]ncc23)CC1,4.953114809
Cc1n[nH]c2ccc(-c3cc(N[C@@H](CO)c4ccccc4)cnc3Cl)cc12,6
