,Smiles,MW,LogP,NumHDonors,NumHAcceptors,pIC50
0,c1nc(NC2CCCC2)c2nc[nH]c2n1,203.24900000000002,1.7073999999999998,2.0,4.0,4.7447274948966935
1,c1nc(N2CCOCC2)c2nc[nH]c2n1,205.22100000000003,0.18950000000000006,1.0,5.0,4.7447274948966935
2,c1nc2cnc(NC3CCCCC3)nc2[nH]1,217.27599999999995,2.0974999999999997,2.0,4.0,4.508638306165727
3,O=C(Cc1ccccc1)Nc1cccc(-c2nc3sccn3c2-c2ccnc(Nc3cccc(N4CCOCC4)c3)n2)c1,587.7090000000001,6.281200000000006,2.0,9.0,6.274905478918531
4,COc1cc(Nc2ncc(Br)c(-c3cccc(CC#N)c3)n2)ccc1N1CCN(C)[C@@H](C)C1,507.4360000000003,4.864680000000005,1.0,7.0,7.187086643357144
5,CCOC(=O)c1cc(Nc2ncc(Cl)c(-c3cccc(CC#N)c3)n2)ccc1N1CCN(C)CC1,490.99500000000035,4.535180000000005,1.0,8.0,6.539102157243452
6,CN(c1cc(CO)ccc1Cl)c1nc(Nc2cc(N3CCOCC3)cc(S(C)(=O)=O)c2)ncc1F,522.0020000000004,3.5130000000000026,2.0,9.0,8.017728766960431
7,Cc1cnc(-c2cc(Nc3ncc(Cl)c(-c4cccc(CC#N)c4)n3)ccc2N2CCN(C)CC2)o1,500.00600000000037,5.3219000000000065,1.0,8.0,6.196542884351586
8,COc1cc(C#N)cc(-c2nc(Nc3ccc(N4CCN(C)CC4)c(OC)c3)ncc2Cl)c1,464.9570000000002,4.181280000000003,1.0,8.0,6.3124710387853655
9,N[C@H]1CC[C@H](CNc2nccc(Nc3cc(C4CC4)[nH]n3)n2)CC1,327.4360000000001,2.7500999999999998,4.0,6.0,5.657577319177793
10,CCS(=O)(=O)c1cc(Nc2ncc(F)c(N(C)c3cc(CO)ccc3C)n2)ccc1N1CCN(C)CC1,528.6540000000002,3.473320000000002,2.0,9.0,6.309803919971486
11,Cc1ccc(CO)cc1N(C)c1nc(Nc2cc(N3CCOCC3)cc(S(C)(=O)=O)c2)ncc1F,501.58400000000034,3.168020000000002,2.0,9.0,6.0655015487564325
12,CCS(=O)(=O)c1cc(Nc2ncc(F)c(N(Cc3ccccc3)c3cc(CO)ccc3C)n2)ccc1N1CCN(C)CC1,604.7519999999998,5.043720000000004,2.0,9.0,8.823908740944319
13,CCS(=O)(=O)c1cc(Nc2ncc(F)c(N(Cc3ccccc3)c3cc(CO)ccc3C)n2)ccc1N1CCN(C)CC1,604.7519999999998,5.043720000000004,2.0,9.0,6.638272163982407
14,Cc1ccc(CO)cc1N(C)c1nc(Nc2ccc(N3CCN(C)CC3)c(S(C)(=O)=O)c2)ncc1F,514.6270000000004,3.0832200000000016,2.0,9.0,6.0915149811213505
15,Cc1cc(C)c(N(C)c2nc(Nc3ccc(N4CCN(C)CC4)cc3)ncc2F)cc1CO,450.5620000000002,3.9881400000000036,2.0,7.0,5.6777807052660805
16,Cc1ccc(N(C)c2nc(Nc3cc(N4CCOCC4)cc(S(C)(=O)=O)c3)ncc2F)cc1CO,501.5840000000003,3.1680200000000025,2.0,9.0,6.376750709602099
17,CCS(=O)(=O)c1cc(Nc2ncc(F)c(N(C)c3cc(CO)c(C)cc3C)n2)ccc1N1C[C@@H]2C[C@H]1CN2C,554.6920000000002,3.922640000000003,2.0,9.0,6.958607314841775
18,CN1CCN(C2=Nc3cc(F)ccc3N(C)c3ccc(Cl)cc32)CC1,358.8480000000001,3.8861000000000034,0.0,4.0,6.045757490560675
19,O=C(c1ccc(COc2ccccc2)cc1Cl)c1c[nH]c2ncc(-c3cnn(C4CCNCC4)c3)cc12,512.0130000000003,5.814300000000005,2.0,6.0,8.522878745280337
20,COc1ccccc1C(=O)c1c[nH]c2ncc(-c3cnn(C4CCNCC4)c3)cc12,401.4700000000002,3.5905000000000014,2.0,6.0,6.309803919971486
21,C[C@@H](Nc1nccc(Nc2cc(C3CC3)[nH]n2)n1)c1ccc2[nH]ccc2n1,360.425,3.8701000000000008,4.0,6.0,6.164309428507575
22,O=C(c1ccc(Cl)cc1)c1c[nH]c2ncc(-c3cnn(C4CCNCC4)c3)cc12,405.88900000000024,4.235300000000001,2.0,5.0,6.585026652029182
23,C[C@H](Nc1nccc(Nc2cc(C3CC3)[nH]n2)n1)c1ccc2[nH]cnc2c1,360.425,3.8701000000000016,4.0,6.0,6.55129368009492
24,Cc1[nH]nc2ccc(-c3cc(OC[C@@H](N)Cc4c[nH]c5ccccc45)cnc3-c3ccoc3)cc12,463.54100000000017,5.623420000000004,3.0,5.0,7.508638306165727
25,Cc1ccc(CO)cc1N(C)c1ccnc(Nc2cc(N3CCOCC3)cc(S(C)(=O)=O)c2)n1,483.59400000000034,3.028920000000001,2.0,9.0,5.508638306165727
26,CCS(=O)(=O)c1cc(Nc2ncc(F)c(N(C)c3cc(CO)c(C)cc3C)n2)cc(N2CCOCC2)c1,529.6380000000004,3.866540000000003,2.0,9.0,8.55284196865778
27,C[C@H](Nc1nccc(Nc2cc(C3CC3)[nH]n2)n1)c1ccc2[nH]ccc2c1,359.437,4.475100000000002,4.0,5.0,6.920818753952375
28,CNc1ncc2cc(-c3ccc(-c4cccc(C)n4)cc3Cl)c(=O)n(C[C@@H]3CCNCC3(F)F)c2n1,510.9760000000003,4.7688200000000025,2.0,7.0,7.275724130399211
29,CCS(=O)(=O)c1cc(Nc2ncc(F)c(N(C)c3cc(CO)c(C)cc3C)n2)cc(N2CCOCC2)c1,529.6380000000004,3.866540000000003,2.0,9.0,6.568636235841013
30,Cc1ccc(CO)cc1N(C)c1nc(Nc2cc(N3CCOCC3)cc(S(C)(=O)=O)c2)ncc1F,501.58400000000034,3.168020000000002,2.0,9.0,7.853871964321762
31,CN1CCN(c2ccc(Nc3ncc(Cl)c(-c4cccc(CC#N)c4)n3)cc2-c2ncco2)CC1,485.97900000000027,5.013480000000005,1.0,8.0,5.847711655616943
32,CCN(CC)C(=O)c1cc(Nc2ncc(Cl)c(-c3cccc(CC#N)c3)n2)ccc1N1CCN(C)CC1,518.0650000000003,4.840480000000003,1.0,7.0,5.396855627379818
33,CN1CCN(c2ccc(Nc3ncc(Cl)c(-c4cccc(CC#N)c4)n3)cc2C(=O)O)CC1,462.94100000000026,4.056680000000002,2.0,7.0,4.94692155651658
34,CN1CCN(C2=Nc3cc(F)ccc3Nc3ccc(F)cc32)CC1,328.3660000000001,3.347500000000001,1.0,4.0,4.267606240177032
35,CN1CCc2cc(-c3cnc4[nH]cc(C(=O)c5ccccc5Cl)c4c3)ccc2C1,401.89700000000016,5.102200000000004,1.0,3.0,9.0
36,COc1nn(C)cc1-c1cnc2[nH]cc(C(=O)c3ccc(CCO)cc3Cl)c2c1,410.86100000000016,3.3912000000000013,2.0,6.0,6.853871964321762
37,Cc1cccc(Cl)c1C(=O)c1c[nH]c2ncc(-c3cnn(C4CCNCC4)c3)cc12,419.9160000000002,4.543720000000003,2.0,5.0,7.055517327849832
38,O=S(=O)(c1ccccc1Cl)c1c[nH]c2ncc(-c3cnn(C4CCNCC4)c3)cc12,441.94400000000024,3.837100000000002,2.0,6.0,5.200659450546418
39,CCCCCSc1ncnc2[nH]cnc12,222.31700000000004,2.6352,1.0,4.0,4.42021640338319
40,CC1CC(Nc2ncnc3[nH]cnc23)CC(C)(C)C1,259.357,2.9796000000000014,2.0,4.0,4.638272163982407
41,C[C@H](Nc1nccc(Nc2cc(C3CCC3)[nH]n2)n1)c1ccc2[nH]ccc2c1,373.46400000000006,4.865200000000002,4.0,5.0,6.876148359032914
42,CCN1c2ccc(F)cc2N=C(N[C@H]2CCN(C(=O)OC(C)(C)C)C2)c2cc(Cl)ccc21,458.9650000000002,5.627800000000006,1.0,5.0,6.721246399047171
43,CCn1c(=O)c(-c2ccc(Cl)cc2Cl)cc2cnc(Nc3ccc(N4CCNCC4)c(F)c3)nc21,513.4040000000002,5.077500000000004,2.0,7.0,8.080921907623926
44,COCCNc1nc2ccc(C#CC3(O)CCCCC3)cc2n1-c1ccnc(N)n1,406.4900000000001,2.5027,3.0,8.0,5.698970004336019
45,CCNc1nc2ccc(C#CC(C)(C)O)cc2n1-c1ncnc(N)n1,337.387,1.3468999999999995,3.0,8.0,5.017728766960431
46,Oc1ccc(/C=C/c2cc(O)cc(O)c2)cc1,228.247,2.9738000000000016,3.0,3.0,4.823908740944319
47,COc1cc(/C=C/C(=O)CC(=O)/C=C/c2ccc(O)c(OC)c2)ccc1O,368.3850000000001,3.3699000000000026,2.0,6.0,4.795880017344075
48,Oc1ccc2ccccc2c1SSc1c(O)ccc2ccccc12,350.46400000000006,6.203600000000003,2.0,4.0,6.0
49,Cc1cc(C)cc(NC(=N)Nc2ccccc2C(F)(F)F)c1,307.319,4.781010000000002,3.0,1.0,5.3979400086720375
50,Cc1ccc(CO)cc1N(C)c1nc(Nc2ccc(N3CCN(C)CC3)c(S(C)(=O)=O)c2)ncc1F,514.6270000000004,3.0832200000000016,2.0,9.0,8.060480747381382
51,Cc1ccccc1C(=O)N1CCC(Nc2ncnc3[nH]ncc23)CC1,336.39900000000006,2.3780200000000002,2.0,5.0,4.478731124401615
52,O=C(c1ccc(F)cc1)N1CCC(Nc2ncnc3[nH]ncc23)CC1,340.3620000000001,2.2087000000000003,2.0,5.0,5.106793246940152
53,Cc1cccc(C)c1NC(=O)N1CCC(Nc2ncnc3[nH]ncc23)CC1,365.44100000000014,3.078140000000001,3.0,5.0,5.202732459169283
54,O=C(Nc1ccc(F)cc1F)N1CCC(Nc2ncnc3[nH]ncc23)CC1,373.3670000000001,2.7395000000000005,3.0,5.0,5.286509456906058
55,S=C(Nc1cccc(Cl)c1)N1CCC(Nc2ncnc3[nH]ncc23)CC1,387.9000000000001,3.2796000000000003,3.0,5.0,5.102922996790579
56,Cc1ccccc1C(=O)NC1CCN(c2ncnc3[nH]ncc23)CC1,336.39900000000006,2.06012,2.0,5.0,5.20342566678957
57,COc1ccc(C(=O)NC2CCN(c3ncnc4[nH]ncc34)CC2)cc1,352.3980000000001,1.7602999999999993,2.0,6.0,5.054531414868181
58,O=C(NC1CCN(c2ncnc3[nH]ncc23)CC1)c1ccc(Br)cc1,401.2680000000001,2.5141999999999998,2.0,5.0,4.785156151952302
59,O=C(NC1CCN(c2ncnc3[nH]ncc23)CC1)c1ccccc1Cl,356.8170000000001,2.4051,2.0,5.0,5.280668713016273
60,Cc1cccn(-c2ccc(-c3ccc4c(C(=O)NC5CCN(C)CC5)n[nH]c4c3)c(Cl)c2)c1=O,475.9800000000003,4.166620000000003,2.0,5.0,6.844663962534939
61,CN(Cc1ccc2[nH]cnc2c1Cl)c1nccc(Nc2cc(C3CC3)[nH]n2)n1,394.8700000000001,3.9868000000000006,3.0,6.0,6.958607314841775
62,CNC(=O)c1n[nH]c2cc(-c3ccc(-n4cccc(C)c4=O)cc3Cl)ccc12,392.8460000000002,3.7022200000000023,2.0,4.0,7.795880017344075
63,O=C(c1ccccc1F)c1c[nH]c2ncc(-c3cnn(C4CCNCC4)c3)cc12,389.4340000000002,3.721000000000002,2.0,5.0,6.920818753952375
64,CCn1c(=O)c(-c2ccc(-c3cncs3)cc2Cl)cc2cnc(Nc3ccc(N4CCN(C)CC4)cc3)nc21,558.1110000000002,5.7507000000000055,1.0,9.0,8.113509274827518
65,CN1CCN(C2=Nc3cc(F)ccc3N(C)c3ccc(Cl)cc32)CC1,358.8480000000001,3.8861000000000034,0.0,4.0,5.045757490560675
66,CC(CO)N(Cc1cc(F)cc2[nH]ncc12)c1nccc(Nc2cc(C3CC3)[nH]n2)n1,422.46800000000013,3.2235000000000005,4.0,7.0,7.149966742310231
67,C[C@H](Nc1nccc(Nc2cc(C3CC3(F)F)[nH]n2)n1)c1ccc2[nH]cnc2c1,396.40500000000003,4.115300000000001,4.0,6.0,6.61261017366127
68,CC(Sc1ncnc2[nH]cnc12)c1ccccc1Cl,290.779,3.859600000000002,1.0,4.0,4.638272163982407
69,CN1CCN(c2ccc(Nc3ncc(Cl)c(-c4cccc(CC#N)c4)n3)cc2F)CC1,436.9220000000002,4.497580000000004,1.0,6.0,6.261219441515631
70,COc1cc(Nc2ncc(Cl)c(-c3cc(Cl)cc(CC#N)c3)n2)ccc1N1CCN(C)CC1,483.40300000000036,5.020480000000005,1.0,7.0,6.987162775294828
71,CCn1c(Nc2ccc(N3CCN(C)CC3)cc2)ncc(-c2ccc(-c3cncs3)cc2Cl)c1=O,507.06300000000016,5.202500000000005,1.0,8.0,8.55284196865778
72,COc1nn(C)cc1-c1cnc2[nH]cc(C(=O)c3cc(CCO)ccc3Cl)c2c1,410.86100000000016,3.3912000000000013,2.0,6.0,8.236572006437063
73,CS(=O)(=O)c1ccc(C(=O)c2c[nH]c3ncc(-c4cnn(C5CCNCC5)c4)cc23)c(Cl)c1,483.9810000000002,3.6388000000000025,2.0,7.0,6.356547323513812
74,O=C(c1ccccc1)c1c[nH]c2ncc(-c3cnn(C4CCNCC4)c3)cc12,371.4440000000002,3.581900000000002,2.0,5.0,6.3979400086720375
75,CCN(c1cc(CO)ccc1C)c1nc(Nc2ccc(N3CCN(C)CC3)c(S(=O)(=O)CC)c2)ncc1F,542.6810000000004,3.863420000000003,2.0,9.0,8.698970004336019
76,COc1cc(/C=C2/C(=O)Nc3ccc(NC(=O)CCN4CCOCC4)cc32)cc(OC)c1OC,467.5220000000004,2.865900000000001,2.0,7.0,4.617802789622546
77,COc1cc(/C=C2/C(=O)Nc3ccc(NC(=O)CCN4CCOCC4)cc32)ccc1O,423.4690000000003,2.554300000000001,3.0,6.0,4.96738123914928
78,Cc1cccn(-c2ccc(-c3ccc4c(C(=O)NCC5CCN(C)CC5)n[nH]c4c3)c(Cl)c2)c1=O,490.00700000000023,4.414220000000003,2.0,5.0,7.657577319177793
79,Cc1cccn(-c2ccc(-c3ccc4c(C(=O)NCc5ccccc5)n[nH]c4c3)c(Cl)c2)c1=O,468.94400000000013,5.272620000000004,2.0,4.0,7.036212172654444
80,CNC(=O)c1n[nH]c2cc(-c3ccccc3Cl)ccc12,285.73400000000004,3.2429000000000014,2.0,2.0,5.301029995663981
81,Cn1cc(-c2cnc3c(-c4csc(C(=O)NCC(F)(F)F)c4)cnn3c2)cn1,406.39300000000003,3.150400000000001,1.0,7.0,5.207608310501746
82,CCS(=O)(=O)c1cc(Nc2ncc(F)c(N(C)c3cc(CO)c(C)cc3C)n2)ccc1N1CCN(C)CC1,542.6810000000002,3.7817400000000028,2.0,9.0,9.346787486224656
83,CC(C)NC(=O)N1CC[C@H](NC2=Nc3cc(F)ccc3N(CC(F)F)c3ccc(Cl)cc32)C1,479.93400000000014,5.055900000000005,2.0,4.0,8.2839966563652
84,COc1cc(Nc2ncc(Cl)c(-c3cccc(C(=O)NCC#N)c3)n2)ccc1N1CCN(C)CC1,491.98300000000035,3.554380000000002,2.0,8.0,5.669586226650809
85,COCCOc1cc(Nc2ncc(Cl)c(-c3cccc(CC#N)c3)n2)ccc1N1CCN(C)CC1,493.01100000000037,4.383680000000003,1.0,8.0,5.540607512240769
86,O=C(c1ccccc1Cl)c1c[nH]c2ncc(-c3cnn(C4CCNCC4)c3)cc12,405.8890000000002,4.235300000000002,2.0,5.0,6.060480747381382
87,CN1Cc2ccc(-c3cnc4[nH]cc(C(=O)c5ccccc5Cl)c4c3)cc2C1,387.8700000000001,5.059700000000004,1.0,3.0,5.958607314841775
88,CC(=O)N1CCc2cc(-c3cnc4[nH]cc(C(=O)c5ccccc5Cl)c4c3)ccc2C1,429.90700000000015,5.018900000000005,1.0,3.0,5.886056647693163
89,Clc1c(CNc2nccc(Nc3cc(C4CC4)[nH]n3)n2)ccc2[nH]cnc12,380.843,3.9625000000000004,4.0,6.0,6.441291429466834
90,Clc1ccccc1Cc1c[nH]c2ncc(-c3cnn(C4CCNCC4)c3)cc12,391.9060000000002,4.595100000000002,2.0,4.0,7.080921907623926
91,Oc1ccc2ccccc2c1SSc1c(O)ccc2ccccc12,350.46400000000006,6.203600000000003,2.0,4.0,5.6020599913279625
92,COCCNc1nc2ccc(C#CC3(O)CCCCC3)cc2n1-c1ccnc(N)n1,406.4900000000001,2.5027,3.0,8.0,5.266000713461613
93,O=C(c1ccc(Cl)cc1Cl)c1c[nH]c2ncc(-c3cnn(C4CCNCC4)c3)cc12,440.3340000000003,4.888700000000004,2.0,5.0,8.1249387366083
94,CC(=O)N1CCC(n2cc(-c3cnc4[nH]cc(C(=O)c5ccc(CO)cc5Cl)c4c3)cn2)CC1,477.95200000000034,3.986500000000002,2.0,6.0,7.259637310505756
95,N#Cc1ccc(Cl)c(C(=O)c2c[nH]c3ncc(-c4cnn(C5CCNCC5)c4)cc23)c1,430.8990000000002,4.106980000000002,2.0,6.0,6.187086643357144
96,N#Cc1ccccc1C(=O)c1c[nH]c2ncc(-c3cnn(C4CCNCC4)c3)cc12,396.4540000000002,3.4535800000000014,2.0,6.0,6.130768280269024
97,O=C(c1ccccc1Cl)c1c[nH]c2ncc(-c3cnn(C4CCNCC4)c3)cc12,405.8890000000002,4.235300000000002,2.0,5.0,7.7447274948966935
98,Cc1sc(C(=O)N[C@@H]2[C@H](N)CCCC2(F)F)cc1-c1cnn2cc(Cl)cnc12,425.89200000000005,3.664520000000002,2.0,6.0,5.6777807052660805
99,O=C(c1ccc(COc2ccccc2)cc1)c1c[nH]c2ncc(-c3cnn(C4CCNCC4)c3)cc12,477.5680000000003,5.160900000000003,2.0,6.0,7.075720713938118
100,Cc1ccccc1C(=O)c1c[nH]c2ncc(-c3cnn(C4CCNCC4)c3)cc12,385.47100000000023,3.8903200000000027,2.0,5.0,7.200659450546418
101,COc1cc(Nc2ncc(Br)c(-c3cccc(CC#N)c3)n2)ccc1N1CCN(C)[C@H](C)C1,507.4360000000003,4.864680000000005,1.0,7.0,7.142667503568731
102,CN1CCN(c2ccc(Nc3ncc(Cl)c(-c4cccc(CC#N)c4)n3)cc2O)CC1,434.9310000000002,4.064080000000002,2.0,7.0,6.17134010346468
103,COc1cc(Nc2ncc(Cl)c(-c3cccc(NC(C)=O)c3)n2)ccc1N1CCN(C)CC1,466.9730000000003,4.259400000000004,2.0,7.0,5.330683119433888
104,COc1cc(Nc2ncc(Cl)c(-c3cc(F)cc(CC#N)c3)n2)ccc1N1CCN(C)CC1,466.9480000000003,4.506180000000005,1.0,7.0,7.008773924307505
105,CNc1ncc2cc(-c3ccc(-c4cccc(C)n4)cc3Cl)c(=O)n(C[C@H]3OC[C@H](NC)CO3)c2n1,506.9940000000003,3.4849200000000007,2.0,9.0,7.2441251443275085
106,CCS(=O)(=O)c1cc(Nc2ncc(F)c(N(Cc3ccccc3F)c3cc(CO)ccc3C)n2)ccc1N1CCN(C)CC1,622.7419999999997,5.182820000000006,2.0,9.0,9.455931955649724
107,CCS(=O)(=O)c1cc(Nc2ncc(F)c(N(C)c3cc(CO)c(C)cc3C)n2)ccc1N1C[C@@H]2C[C@H]1CN2C,554.6920000000002,3.922640000000003,2.0,9.0,9.236572006437063
108,CCS(=O)(=O)c1cc(Nc2ncc(F)c(N(C)c3cc(CO)ccc3C)n2)ccc1N1CCN(C)CC1,528.6540000000002,3.473320000000002,2.0,9.0,8.67778070526608
109,Cc1cc(C)c(N(C)c2nc(Nc3ccc(N4CCN(C)CC4)cc3)ncc2F)cc1CO,450.5620000000002,3.9881400000000036,2.0,7.0,7.481486060122112
110,COc1cc(Nc2ncc(Cl)c(-c3cccc(C(=O)O)c3)n2)ccc1N1CCN(C)CC1,453.9300000000003,3.9992000000000028,2.0,7.0,5.283162276700476
111,CCNc1ncc2cc(-c3ccc(-c4cncc(C)n4)cc3Cl)c(=O)n(C[C@H]3CC[C@H](N)CC3)c2n1,504.03800000000035,4.826620000000003,2.0,8.0,6.906578314837765
112,CCS(=O)(=O)c1cc(Nc2ncc(F)c(N(Cc3ccccc3F)c3cc(CO)ccc3C)n2)ccc1N1CCN(C)CC1,622.7419999999997,5.182820000000006,2.0,9.0,6.886056647693163
113,CCS(=O)(=O)c1cc(Nc2ncc(F)c(N(C)c3cc(CO)c(C)cc3C)n2)ccc1N1CCN(C)CC1,542.6810000000002,3.7817400000000028,2.0,9.0,6.698970004336019
114,CCn1c(=O)c(-c2ccc(-c3cncs3)cc2Cl)cc2cnc(Nc3ccc(N4CCN(C)CC4)cc3)nc21,558.1110000000002,5.7507000000000055,1.0,9.0,7.055517327849832
115,CC1(C)C(=O)N([C@H]2CCc3c(O)cccc32)c2nc(Nc3ccccc3)ncc21,386.45500000000004,4.2375000000000025,2.0,5.0,5.0
116,COc1cc(Nc2ncc(Cl)c(-c3cccc(CC#N)c3)n2)ccc1N1CCN(C)CC1,448.9580000000003,4.367080000000004,1.0,7.0,6.958607314841775
117,CCN(Cc1ccc2[nH]cnc2c1Cl)c1nccc(Nc2cc(C3CC3)[nH]n2)n1,408.89700000000016,4.376900000000002,3.0,6.0,7.070581074285707
118,COc1cc(Nc2ncc(Cl)c(-c3cccc(CC#N)c3)n2)ccc1N1CCN(C)C(C)C1,462.9850000000003,4.755580000000005,1.0,7.0,6.899629454882437
119,O=C(c1ccc(CO)cc1)c1c[nH]c2ncc(-c3cnn(C4CCNCC4)c3)cc12,401.4700000000002,3.0742000000000003,3.0,6.0,6.200659450546418
120,NC(=O)c1ccc(C(=O)c2c[nH]c3ncc(-c4cnn(C5CCNCC5)c4)cc23)c(Cl)c1,448.9140000000002,3.334200000000002,3.0,6.0,6.200659450546418
121,O=C(c1cccc(Cl)c1)c1c[nH]c2ncc(-c3cnn(C4CCNCC4)c3)cc12,405.88900000000024,4.235300000000001,2.0,5.0,5.698970004336019
122,CN1CCN(c2ccc(Nc3ncc(Cl)c(-c4cccc(CC#N)c4)n3)cc2C#N)CC1,443.94200000000023,4.230160000000002,1.0,7.0,6.107905397309519
123,CN1CCN(C2=Nc3cc(F)ccc3N(C)c3ccc(Cl)cc32)CC1,358.8480000000001,3.8861000000000034,0.0,4.0,6.0
124,CCN1c2ccc(F)cc2N=C(N2CCN(C)CC2)c2cc(Cl)ccc21,372.87500000000006,4.276200000000004,0.0,4.0,6.490797477668897
125,CN1CCN(C2=Nc3cc(F)ccc3Nc3ccc(F)cc32)CC1,328.3660000000001,3.347500000000001,1.0,4.0,4.920818753952375
126,CN1CCc2ccc(-c3cnc4[nH]cc(C(=O)c5ccccc5Cl)c4c3)cc2C1,401.89700000000016,5.102200000000004,1.0,3.0,8.346787486224656
127,CN1Cc2ccc(-c3cnc4[nH]cc(C(=O)c5ccccc5Cl)c4c3)cc2C1,387.8700000000001,5.059700000000004,1.0,3.0,7.481486060122112
128,COc1nn(C)cc1-c1cnc2[nH]cc(C(=O)c3ccc(COc4ccccc4)cc3Cl)c2c1,472.9320000000002,5.435400000000004,1.0,6.0,7.366531544420414
129,CNc1ncc2cc(-c3ccc(-c4cccc(C)n4)cc3Cl)c(=O)n(CC3COC4(CNC4)OC3)c2n1,519.0050000000003,3.4865200000000005,2.0,9.0,7.136677139879544
130,CCN(c1cc(CO)ccc1C)c1nc(Nc2ccc(N3CCN(C)CC3)c(S(=O)(=O)CC)c2)ncc1F,542.6810000000004,3.863420000000003,2.0,9.0,6.275724130399211
131,COCc1ccc(C)c(N(C)c2nc(Nc3cc(N4CCOCC4)cc(S(C)(=O)=O)c3)ncc2F)c1,515.6110000000003,3.8221200000000026,1.0,9.0,6.723538195826756
132,CNc1ncc2cc(-c3ccc(-c4cccc(C)n4)cc3Cl)c(=O)n(C[C@H]3OC[C@H](N)CO3)c2n1,492.9670000000003,3.22422,2.0,9.0,7.161150909262744
133,O=C(c1ccc(CO)cc1Cl)c1c[nH]c2ncc(-c3cnn(C4CCNCC4)c3)cc12,435.91500000000025,3.7276000000000016,3.0,6.0,8.119186407719209
134,N#Cc1ccc(C(=O)c2c[nH]c3ncc(-c4cnn(C5CCNCC5)c4)cc23)c(Cl)c1,430.8990000000002,4.106980000000003,2.0,6.0,7.638272163982407
135,O=C(NCC(F)(F)F)c1cc(-c2cnn3cc(-c4ccc(OCCN5CCCCC5)cc4)cnc23)cs1,529.5880000000004,5.2816000000000045,1.0,7.0,5.080921907623926
136,CCn1c(=O)c(-c2ccc(-c3cncs3)cc2Cl)cc2cnc(Nc3ccc(N4CCN(C)CC4)cc3)nc21,558.1110000000002,5.7507000000000055,1.0,9.0,8.55284196865778
137,Cc1cc(C)c(N(C)c2nc(Nc3cc(N4CCOCC4)cc(S(C)(=O)=O)c3)ncc2F)cc1CO,515.6110000000003,3.4764400000000024,2.0,9.0,6.657577319177793
138,CN(c1cc(CO)ccc1Cl)c1nc(Nc2cc(N3CCOCC3)cc(S(C)(=O)=O)c2)ncc1F,522.0020000000004,3.5130000000000026,2.0,9.0,6.318758762624412
139,CC(C)=CCc1cc(/C=C/C(=O)O)cc(CC=C(C)C)c1O,300.398,4.507400000000005,2.0,2.0,4.6020599913279625
140,COCC[n+]1c2c(n(Cc3cnccn3)c1C)C(=O)c1ccccc1C2=O.[Br-],363.39700000000016,1.3441199999999995,0.0,6.0,6.301029995663981
141,CNc1ncc2cc(-c3ccc(-c4cncc(C)n4)cc3Cl)c(=O)n(C[C@H]3CC[C@H](N)CC3)c2n1,490.0110000000003,4.4365200000000025,2.0,8.0,6.467245621007502
142,COCc1ccc(C(=O)c2c[nH]c3ncc(-c4cnn(C5CCNCC5)c4)cc23)c(Cl)c1,449.94200000000023,4.381700000000003,2.0,6.0,7.6777807052660805
143,NCCn1cc(-c2cc(-c3cc4ccccc4s3)c3[nH]ncc3c2)c2nc(N)ncc21,425.52100000000013,4.397200000000002,3.0,7.0,6.292429823902063
144,COc1ccccc1-n1cc(COC(=O)C2CCn3c(C(=O)c4ccccc4)ccc32)nn1,442.4750000000001,3.539100000000002,0.0,8.0,7.187086643357144
145,Clc1ccccc1-c1c[nH]c2ncc(-c3cnn(C4CCNCC4)c3)cc12,377.8790000000002,4.671300000000003,2.0,4.0,6.337242168318426
146,O=C(c1ccc(Br)cc1)N1CCC(Nc2ncnc3[nH]ncc23)CC1,401.26800000000014,2.8321000000000005,2.0,5.0,4.534468443026451
147,O=C(Nc1ccccc1Cl)N1CCC(Nc2ncnc3[nH]ncc23)CC1,371.8320000000001,3.114700000000001,3.0,5.0,5.280668713016273
148,O=C(Nc1ccc(C(F)(F)F)cc1)N1CCC(Nc2ncnc3[nH]ncc23)CC1,405.3840000000001,3.480100000000001,3.0,5.0,4.80271944187438
149,O=C(Nc1ccc(Cl)c(Cl)c1)N1CCC(Nc2ncnc3[nH]ncc23)CC1,406.2770000000001,3.7681000000000013,3.0,5.0,4.964570261815451
150,CCn1c(=O)c(-c2ccc(-c3cncs3)cc2Cl)cc2cnc(Nc3ccc(N4CCN(C)CC4)cc3)nc21,558.1110000000002,5.7507000000000055,1.0,9.0,7.853871964321762
151,CCOC(=O)c1cccc(-c2nc(Nc3ccc(N4CCN(C)CC4)c(OC)c3)ncc2Cl)c1,481.98400000000026,4.477700000000004,1.0,8.0,5.5718652059712115
152,CO[C@@H]1[C@@H](O)[C@H](O[C@H]2[C@H](O)CO[C@@H](O[C@H]3[C@H](O)[C@@H](O[C@@H]4OC[C@@H](O)[C@H](O)[C@H]4O)[C@H](O[C@H]4[C@H](O[C@H]5CC[C@]6(C)[C@@H]7CCC89C(=O)O[C@@](C)(CCCC(C)C)[C@H]8[C@@H](OC(C)=O)C[C@@]9(C)C7=CC[C@H]6C5(C)C)OC[C@@H](OS(=O)(=O)[O-])[C@@H]4O)O[C@@H]3C)[C@@H]2O)O[C@H](CO)[C@H]1O.[Na+],1312.4579999999996,-1.1794999999999893,10.0,29.0,6.0
153,CN1CCN(C2=Nc3cc(F)ccc3N(C)c3ccc(Cl)cc32)CC1,358.8480000000001,3.8861000000000034,0.0,4.0,5.221848749616356
154,CNC(=O)c1cc(Nc2ncc(Cl)c(-c3cccc(CC#N)c3)n2)ccc1N1CCN(C)CC1,475.9840000000003,3.7180800000000023,2.0,7.0,5.183758700008217
155,CCOc1cc(Nc2ncc(Cl)c(-c3cccc(CC#N)c3)n2)ccc1N1CCN(C)CC1,462.98500000000035,4.757180000000005,1.0,7.0,6.019088062223156
156,COc1cc(Nc2ncc(Cl)c(-c3cccc(C(C)(C)C#N)c3)n2)ccc1N1CCN(C)CC1,477.01200000000034,5.102180000000006,1.0,7.0,6.006563769502388
157,COc1cc(Nc2ncc(Br)c(-c3cccc(CC#N)c3)n2)ccc1N1CCN(C)C(C)C1,507.4360000000003,4.864680000000005,1.0,7.0,7.214670164989233
158,CN1CCc2ccc(-c3cnc4[nH]cc(C(=O)c5ccccc5Cl)c4c3)cc2C1,401.89700000000016,5.102200000000004,1.0,3.0,6.187086643357144
159,Cc1nc(Nc2[nH]nc3c2CN(C(=O)N[C@H](CN(C)C)c2ccccc2)C3(C)C)c2sccc2n1,490.6370000000002,4.529620000000004,3.0,7.0,7.863279432843593
160,Cc1cccn(-c2ccc(-c3ccc4c(C(=O)NC5CCOCC5)n[nH]c4c3)c(Cl)c2)c1=O,462.9370000000003,4.251420000000003,2.0,5.0,6.128427064454121
161,CNc1ncc2cc(-c3ccc(-c4cncc(C)n4)cc3Cl)c(=O)n(C[C@H]3CNCCO3)c2n1,477.95600000000024,2.90742,2.0,9.0,6.399027104313252
162,Cc1nnc(-c2cc(Nc3ncc(Cl)c(-c4cccc(CC#N)c4)n3)ccc2N2CCN(C)CC2)o1,500.99400000000037,4.716900000000005,1.0,9.0,5.077793722560983
163,CN1CC[C@H](c2cc(Nc3ccnc(N(C)Cc4ccc5[nH]cnc5c4Cl)n3)n[nH]2)C1=O,451.9220000000001,3.0551000000000004,3.0,7.0,5.107905397309519
164,CNC(=O)c1n[nH]c2cc(-c3ccc(-c4cccc(C)n4)cc3Cl)ccc12,376.84700000000004,4.613320000000003,2.0,3.0,7.2839966563652006
165,CN(c1cccc(CO)c1)c1nc(Nc2cc(N3CCOCC3)cc(S(C)(=O)=O)c2)ncc1F,487.55700000000024,2.8596000000000013,2.0,9.0,4.853871964321762
166,CCN1c2ccc(F)cc2N=C(N[C@H]2CCN(C(=O)NC(C)(C)C)C2)c2cc(Cl)ccc21,457.98100000000017,5.2008000000000045,2.0,4.0,7.7447274948966935
167,Cn1cc(-c2cnc3c(-c4csc(C(=O)N[C@@H]5CCCC[C@@H]5N)c4)cnn3c2)cn1,421.5300000000002,2.8580000000000005,2.0,8.0,7.619788758288394
168,CN1CCc2cc(-c3cnc4[nH]cc(C(=O)c5ccccc5Cl)c4c3)ccc2C1,401.89700000000016,5.102200000000004,1.0,3.0,6.853871964321762
169,Cc1ccc(C(=O)N2CCC(Nc3ncnc4[nH]ncc34)CC2)cc1,336.39900000000017,2.3780200000000002,2.0,5.0,4.403952992454561
170,Cc1cc(C)c(C(=O)N2CCC(Nc3ncnc4[nH]ncc34)CC2)c(C)c1,364.45300000000015,2.994860000000001,2.0,5.0,4.507379277956808
171,S=C(Nc1ccccc1Cl)N1CCC(Nc2ncnc3[nH]ncc23)CC1,387.9000000000001,3.2796000000000003,3.0,5.0,5.175874166083451
172,O=C(Nc1ccc(F)cc1F)NC1CCN(c2ncnc3[nH]ncc23)CC1,373.3670000000001,2.4216000000000006,3.0,5.0,5.943095148663527
173,O=C(c1ccc(Cl)cc1)N1CCC(Nc2ncnc3[nH]ncc23)CC1,356.8170000000001,2.7230000000000008,2.0,5.0,5.025028005701931
174,O=C(c1ccccc1Cl)N1CCC(Nc2ncnc3[nH]ncc23)CC1,356.8170000000001,2.7230000000000008,2.0,5.0,5.164943898279883
175,O=C(Nc1ccc(Cl)cc1Cl)N1CCC(Nc2ncnc3[nH]ncc23)CC1,406.2770000000001,3.7681000000000004,3.0,5.0,5.262807357295263
176,O=C(Nc1cc(C(F)(F)F)cc(C(F)(F)F)c1)N1CCC(Nc2ncnc3[nH]ncc23)CC1,473.3810000000002,4.498900000000003,3.0,5.0,5.030584087646019
177,O=C(Nc1cccc2ccccc12)NC1CCN(c2ncnc3[nH]ncc23)CC1,387.4470000000001,3.2966000000000006,3.0,5.0,4.95311480916229
178,CC(=O)N1CCc2cc(-c3cnc4[nH]cc(C(=O)c5ccccc5Cl)c4c3)ccc2C1,429.90700000000015,5.018900000000005,1.0,3.0,6.568636235841013
179,O=C(c1ccc(F)cc1Cl)c1c[nH]c2ncc(-c3cnn(C4CCNCC4)c3)cc12,423.87900000000025,4.374400000000002,2.0,5.0,7.886056647693163
180,O=C(c1cc(CO)ccc1Cl)c1c[nH]c2ncc(-c3cnn(C4CCNCC4)c3)cc12,435.91500000000025,3.7276000000000016,3.0,6.0,7.1938200260161125
181,Cc1cccn(-c2ccc(-c3ccc4c(C(=O)Nc5ccncc5)n[nH]c4c3)c(Cl)c2)c1=O,455.90500000000014,4.989920000000004,2.0,5.0,7.795880017344075
182,O=C(Nc1ccc(Br)cc1)NC1CCN(c2ncnc3[nH]ncc23)CC1,416.28300000000013,2.9059,3.0,5.0,5.394694953858891
183,COc1c(-c2cnc3[nH]cc(C(=O)c4ccc(CO)cc4Cl)c3c2)cnn1C,396.83400000000006,3.348700000000002,2.0,6.0,7.431798275933005
184,COc1nn(C)cc1-c1cnc2[nH]cc(C(=O)c3ccc(COc4ccccc4F)cc3Cl)c2c1,490.9220000000002,5.574500000000003,1.0,6.0,7.318758762624412
185,COc1nn(C)cc1-c1cnc2[nH]cc(C(=O)c3ccc(COc4ccccn4)cc3Cl)c2c1,473.92000000000024,4.830400000000004,1.0,7.0,7.853871964321762
186,Cc1cncc(-c2ccc(-c3ccc4c(C(=O)NCC5CC5)n[nH]c4c3)c(Cl)c2)n1,417.90000000000015,4.788520000000003,2.0,4.0,6.1095789811990855
187,Cc1cccn(-c2ccc(-c3ccc4c(C(=O)NCC5CC5)n[nH]c4c3)c(Cl)c2)c1=O,432.9110000000001,4.482420000000003,2.0,4.0,7.468521082957745
188,O=C1Nc2ccc(NC(=O)N3CCOCC3)cc2/C1=C\c1ccc(F)c(Cl)c1,401.82500000000005,3.8359000000000023,2.0,3.0,4.6356366453842694
189,Cc1cc(C)c(N(C)c2nc(Nc3cc(N4CCOCC4)cc(S(C)(=O)=O)c3)ncc2F)cc1CO,515.6110000000003,3.4764400000000024,2.0,9.0,8.522878745280337
190,Cc1ccc(N(C)c2nc(Nc3cc(N4CCOCC4)cc(S(C)(=O)=O)c3)ncc2F)cc1CO,501.5840000000003,3.1680200000000025,2.0,9.0,7.721246399047171
191,CCS(=O)(=O)c1cc(Nc2ncc(F)c(N(Cc3ccccc3C#N)c3cc(CO)ccc3C)n2)ccc1N1CCN(C)CC1,629.7619999999998,4.915400000000004,2.0,10.0,7.229147988357855
192,COCc1ccc(C)c(N(C)c2nc(Nc3cc(N4CCOCC4)cc(S(C)(=O)=O)c3)ncc2F)c1,515.6110000000003,3.8221200000000026,1.0,9.0,5.481486060122113
193,CN(c1cccc(CO)c1)c1nc(Nc2cc(N3CCOCC3)cc(S(C)(=O)=O)c2)ncc1F,487.55700000000024,2.8596000000000013,2.0,9.0,7.346787486224656
194,Cc1ccc(CO)cc1N(C)c1ccnc(Nc2cc(N3CCOCC3)cc(S(C)(=O)=O)c2)n1,483.59400000000034,3.028920000000001,2.0,9.0,7.0
195,CN[C@@H]1C[C@H]2O[C@@](C)([C@@H]1OC)n1c3ccccc3c3c4c(c5c6ccccc6n2c5c31)C(=O)NC4,466.5410000000003,4.354000000000003,2.0,6.0,9.522878745280337
196,O=C(Nc1cc(C(F)(F)F)cc(C(F)(F)F)c1)NC1CCN(c2ncnc3[nH]ncc23)CC1,473.3810000000002,4.181000000000002,3.0,5.0,6.769551078621726
197,Cc1ccc(NC(=O)N2CCC(Nc3ncnc4[nH]ncc34)CC2)cc1,351.4140000000001,2.7697200000000004,3.0,5.0,4.758453519403451
198,Cc1ccc(C(=O)NC2CCN(c3ncnc4[nH]ncc34)CC2)cc1,336.3990000000001,2.06012,2.0,5.0,5.251037138743839
199,O=C(NC1CCN(c2ncnc3[nH]ncc23)CC1)c1ccc(C(F)(F)F)cc1,390.3690000000001,2.770500000000001,2.0,5.0,5.241088107602026
200,Cc1ccc(NC(=O)NC2CCN(c3ncnc4[nH]ncc34)CC2)cc1,351.4140000000001,2.4518200000000006,3.0,5.0,5.326979092871103
201,O=C(Nc1ccc(C(F)(F)F)cc1)NC1CCN(c2ncnc3[nH]ncc23)CC1,405.3840000000001,3.1622000000000012,3.0,5.0,5.145693958198919
202,COc1cccc(Nc2nc(NCC3CCCO3)c3ccccc3n2)c1,350.422,3.9729000000000028,2.0,6.0,7.315154638355588
203,CCS(=O)(=O)c1cc(Nc2ncc(F)c(N(C)c3cc(CO)ccc3C)n2)ccc1N1CCN(C)CC1,528.6540000000002,3.473320000000002,2.0,9.0,6.267606240177032
204,CCS(=O)(=O)c1cc(Nc2ncc(F)c(N(Cc3ccccc3C#N)c3cc(CO)ccc3C)n2)ccc1N1CCN(C)CC1,629.7619999999998,4.915400000000004,2.0,10.0,9.481486060122112
205,O=C(CCN1CCCCC1)Nc1ccc2c(c1)/C(=C\c1ccc(F)c(Cl)c1)C(=O)N2,427.9070000000001,4.786300000000004,2.0,3.0,5.106238237942057
206,CCNc1ncc2cc(-c3ccc(-c4cncc(C)n4)cc3Cl)c(=O)n(CCCO)c2n1,450.93000000000023,3.691520000000003,2.0,8.0,6.008773924307505
207,CCNc1ncc2cc(-c3ccc(-c4cccc(C)n4)cc3Cl)c(=O)n(C[C@H]3CC[C@H](N)CC3)c2n1,503.0500000000003,5.431620000000004,2.0,7.0,7.346787486224656
208,CCCCCC(=O)c1c(O)cc(OC)c(Cl)c1O,272.72799999999995,3.5228000000000024,2.0,4.0,5.6020599913279625
209,COCCN(Cc1cc(F)cc2[nH]ncc12)c1nccc(Nc2cc(C3CC3)[nH]n2)n1,422.46800000000013,3.4891000000000014,3.0,7.0,7.193141970481182
210,CN[C@@H]1C[C@H]2O[C@@](C)([C@@H]1OC)n1c3ccccc3c3c4c(c5c6ccccc6n2c5c31)C(=O)NC4,466.5410000000003,4.354000000000003,2.0,6.0,9.26680273489343
211,CNC(=O)c1n[nH]c2cc(-c3ccccc3Cl)ccc12,285.73400000000004,3.2429000000000014,2.0,2.0,5.301029995663981
212,COCCNC(=O)c1n[nH]c2cc(-c3ccc(-n4cccc(C)c4=O)cc3Cl)ccc12,436.89900000000017,3.7188200000000027,2.0,5.0,7.1487416512809245
213,O=C(CCN1CCCCC1)Nc1ccc2c(c1)/C(=C\c1ccc(O)cc1)C(=O)N2,391.4710000000001,3.6994000000000016,3.0,4.0,4.8804142250382165
214,O=C(CCN1CCOCC1)Nc1ccc2c(c1)/C(=C\c1ccc3[nH]ncc3c1)C(=O)N2,417.4690000000001,2.7164,3.0,5.0,5.361510743045363
215,O=C(Nc1ccc(Br)cc1)N1CCC(Nc2ncnc3[nH]ncc23)CC1,416.28300000000013,3.2238000000000007,3.0,5.0,4.747389659432627
216,Cc1cccc(C)c1NC(=S)N1CCC(Nc2ncnc3[nH]ncc23)CC1,381.5090000000001,3.2430400000000006,3.0,5.0,5.133122185662501
217,O=C(NC1CCN(c2ncnc3[nH]ncc23)CC1)c1ccc(F)cc1,340.3620000000001,1.8907999999999994,2.0,5.0,5.342944147142896
218,COc1cc(Nc2ncc(Cl)c(-c3cc(Cl)cc(C#N)c3)n2)ccc1N1CCN(C)CC1,469.3760000000003,4.8260800000000055,1.0,7.0,6.6439741428068775
219,Cc1cccc(-c2ccc(-c3ccc4c(C(=O)NCC5CC5)n[nH]c4c3)c(Cl)c2)n1,416.9120000000001,5.393520000000003,2.0,3.0,6.640164517660112
220,Cc1nc(Nc2[nH]nc3c2CN(C(=O)N[C@H](CN(C)C)c2ccccc2)C3(C)C)c2sccc2n1,490.6370000000002,4.529620000000004,3.0,7.0,7.443697499232712
221,O=C(c1cccc(Cl)c1Cl)N1CCC(Nc2ncnc3[nH]ncc23)CC1,391.26200000000017,3.376400000000001,2.0,5.0,5.169411331314856
222,CCn1c(Nc2ccc(N3CCN(C)CC3)cc2)ncc(-c2ccc(-c3cncs3)cc2Cl)c1=O,507.06300000000016,5.202500000000005,1.0,8.0,7.055517327849832
223,O=C(CCN1CCCCC1)Nc1ccc2c(c1)/C(=C\c1c[nH]c3ccccc13)C(=O)N2,414.5090000000001,4.475100000000003,3.0,3.0,5.238824186844268
224,O=C(CCN1CCOCC1)Nc1ccc2c(c1)/C(=C\c1ccc(O)cc1)C(=O)N2,393.4430000000001,2.5457,3.0,5.0,5.467245621007502
225,CCn1c(=O)c(-c2ccc(-c3cncc(C)n3)cc2Cl)cc2cnc(NCCC3CCN(C)CC3)nc21,518.0650000000003,5.041020000000004,1.0,8.0,6.653647025549361
226,Cc1cccn(-c2ccc(-c3ccc4c(C(=O)NCCc5ccncc5)n[nH]c4c3)c(Cl)c2)c1=O,483.9590000000001,4.710120000000003,2.0,5.0,7.6777807052660805
227,O=C(Nc1cccc(Cl)c1)N1CCC(Nc2ncnc3[nH]ncc23)CC1,371.8320000000001,3.114700000000001,3.0,5.0,5.1438755557577
228,O=C(NC1CCN(c2ncnc3[nH]ncc23)CC1)c1cccc(C(F)(F)F)c1,390.3690000000001,2.7705,2.0,5.0,5.600326278518962
229,O=C(Nc1ccc(Cl)c(Cl)c1)NC1CCN(c2ncnc3[nH]ncc23)CC1,406.27700000000016,3.4502000000000024,3.0,5.0,5.640164517660112
230,Cc1cccn(-c2ccc(-c3ccc4c(C(=O)NCCO)n[nH]c4c3)c(Cl)c2)c1=O,422.8720000000001,3.0647200000000003,3.0,5.0,7.180456064458132
231,CCNc1ncc2cc(-c3ccc(-c4cncc(C)n4)cc3Cl)c(=O)n(CC3CCNC(=O)C3)c2n1,503.9940000000003,3.835320000000002,2.0,8.0,6.089909454405932
232,Cc1nc(Nc2[nH]nc3c2CN(C(=O)N[C@H](CN(C)C)c2ccccc2)C3(C)C)c2sccc2n1,490.6370000000002,4.529620000000004,3.0,7.0,7.853871964321762
233,FC(F)(F)c1cc(NC(=S)N2CCC(Nc3ncnc4[nH]ncc34)CC2)cc(C(F)(F)F)c1,489.4490000000002,4.663800000000003,3.0,5.0,5.059981844992337
234,O=C(CCN1CCOCC1)Nc1ccc2c(c1)/C(=C\c1n[nH]c3ccccc13)C(=O)N2,417.4690000000001,2.7164,3.0,5.0,6.657577319177793
235,O=C1Nc2ccc(NC(=O)N3CCOCC3)cc2/C1=C\c1ccc2[nH]ncc2c1,389.415,2.9197000000000006,3.0,4.0,4.595337299126277
236,COc1nn(C)cc1-c1cnc2[nH]cc(C(=O)c3ccc(COc4cccnc4)cc3Cl)c2c1,473.92000000000024,4.830400000000004,1.0,7.0,6.886056647693163
237,CN1CCC(n2cc(-c3cnc4[nH]cc(C(=O)c5ccc(CO)cc5Cl)c4c3)cn2)CC1,449.94200000000023,4.0698000000000025,2.0,6.0,7.920818753952375
238,O=C(CCN1CCCCC1)Nc1ccc2c(c1)/C(=C\c1ccc3[nH]ncc3c1)C(=O)N2,415.4970000000001,3.8701000000000008,3.0,4.0,4.937042165915489
239,O=C(CCN1CCCCC1)Nc1ccc2c(c1)/C(=C\c1ccco1)C(=O)N2,365.4330000000001,3.586800000000001,2.0,4.0,5.0195421077238995
240,Cc1cccn(-c2ccc(-c3ccc4c(C(=O)NCC5CCOCC5)n[nH]c4c3)c(Cl)c2)c1=O,476.9640000000002,4.499020000000003,2.0,5.0,7.376750709602099
241,Cc1cccn(-c2ccc(-c3ccc4c(C(=O)NCc5ccncc5)n[nH]c4c3)c(Cl)c2)c1=O,469.9320000000001,4.667620000000003,2.0,5.0,8.008773924307505
242,COc1ccc(NC(=O)N2CCC(Nc3ncnc4[nH]ncc34)CC2)cc1,367.4130000000001,2.4699,3.0,6.0,4.8613815661005075
243,COc1ccc(NC(=S)N2CCC(Nc3ncnc4[nH]ncc34)CC2)cc1,383.4810000000001,2.6348000000000003,3.0,6.0,4.820735535660974
244,Cc1cc(C)c(C(=O)NC2CCN(c3ncnc4[nH]ncc34)CC2)c(C)c1,364.45300000000015,2.676960000000001,2.0,5.0,5.169411331314856
245,CCNc1ncc2cc(-c3ccc(-c4cncc(C)n4)cc3Cl)c(=O)n(C[C@H]3OC[C@H](N)CO3)c2n1,507.9820000000003,3.0093199999999998,2.0,10.0,6.8297382846050425
246,CCNc1ncc2cc(-c3ccc(-c4cncc(C)n4)cc3Cl)c(=O)n(CC3CCNCC3)c2n1,490.0110000000003,4.308720000000003,2.0,8.0,6.838631997765025
247,CCNc1ncc2cc(-c3ccc(-c4cncc(C)n4)cc3Cl)c(=O)n(CCCCN)c2n1,463.9730000000003,4.048020000000002,2.0,8.0,6.8326826652518236
248,Cc1nc(Nc2[nH]nc3c2CN(C(=O)N[C@H](CN(C)C)c2ccccc2)C3(C)C)c2sccc2n1,490.6370000000002,4.529620000000004,3.0,7.0,7.4089353929735005
249,O=C(c1ccccc1)c1ccc2n1CCC2C(=O)O,255.27299999999997,2.291,1.0,3.0,4.443697499232712
250,O=C(CCN1CCCCC1)Nc1ccc2c(c1)/C(=C\c1cnc3ccccn13)C(=O)N2,415.4970000000001,3.6415000000000015,2.0,5.0,5.131943638176958
251,Cc1ccc(NC(=S)N2CCC(Nc3ncnc4[nH]ncc34)CC2)cc1,367.48200000000014,2.9346200000000007,3.0,5.0,4.708853238268114
252,Cc1cccc(C)c1NC(=O)NC1CCN(c2ncnc3[nH]ncc23)CC1,365.44100000000014,2.7602400000000005,3.0,5.0,5.665546248849069
253,O=C(Nc1ccccc1Cl)NC1CCN(c2ncnc3[nH]ncc23)CC1,371.8320000000001,2.796800000000001,3.0,5.0,6.251811972993799
254,COc1ccc(/C=C2/C(=O)Nc3ccc(NC(=O)CCN4CCOCC4)cc32)cc1OC,437.4960000000004,2.8573000000000013,2.0,6.0,4.651111276928562
255,O=C(CCN1CCOCC1)Nc1ccc2c(c1)/C(=C\c1ccc(F)c(Cl)c1)C(=O)N2,429.8790000000001,3.632600000000001,2.0,4.0,5.61261017366127
256,CCn1c(=O)c(-c2ccc(-c3cncs3)cc2Cl)cc2cnc(Nc3ccc(N4CCN(C)CC4)cc3)nc21,558.1110000000002,5.7507000000000055,1.0,9.0,7.638272163982407
257,COc1ccc(NC(=O)NC2CCN(c3ncnc4[nH]ncc34)CC2)cc1,367.4130000000001,2.1519999999999992,3.0,6.0,5.195860567664649
258,O=C(Nc1cccc(Cl)c1)NC1CCN(c2ncnc3[nH]ncc23)CC1,371.8320000000001,2.7968,3.0,5.0,5.906578314837765
259,Cc1nc(Nc2[nH]nc3c2CN(C(=O)N[C@H](CN(C)C)c2ccccc2)C3(C)C)c2sccc2n1,490.6370000000002,4.529620000000004,3.0,7.0,7.853871964321762
260,CN[C@@H]1C[C@H]2O[C@@](C)([C@@H]1OC)n1c3ccccc3c3c4c(c5c6ccccc6n2c5c31)C(=O)NC4,466.5410000000003,4.354000000000003,2.0,6.0,9.67366413907125
261,CNC(=O)c1n[nH]c2cc(-c3ccc(-c4cncc(C)n4)cc3Cl)ccc12,377.8350000000001,4.008320000000002,2.0,4.0,6.798602875679548
262,O=C(NC1CCN(c2ncnc3[nH]ncc23)CC1)c1cccc(Cl)c1Cl,391.26200000000017,3.0585000000000013,2.0,5.0,5.379863945026242
263,CNC(=O)c1n[nH]c2cc(-c3ccc(-n4ccccc4=O)cc3Cl)ccc12,378.81900000000013,3.3938000000000015,2.0,4.0,6.481486060122113
264,CN(C)c1ccc(/C=C2/C(=O)Nc3ccc(NC(=O)CCN4CCOCC4)cc32)cc1,420.5130000000003,2.9061000000000012,2.0,5.0,5.238824186844268
265,COc1ccc(/C=C2/C(=O)Nc3ccc(NC(=O)CCN4CCOCC4)cc32)cc1,407.4700000000003,2.848700000000001,2.0,5.0,5.027797161620936
266,O=C(NCC1CC1)c1n[nH]c2cc(-c3ccc(-n4ccccc4=O)cc3Cl)ccc12,418.8840000000002,4.174000000000002,2.0,4.0,6.229147988357855
267,Cc1cc(/C=C2/C(=O)Nc3ccc(NC(=O)CCN4CCOCC4)cc32)cc(C)c1O,421.4970000000003,3.162540000000002,3.0,5.0,4.915423722065669
268,O=C(CCN1CCOCC1)Nc1ccc2c(c1)/C(=C\c1ccc(O)c(O)c1)C(=O)N2,409.4420000000001,2.2513000000000005,4.0,6.0,5.498940737782249
269,O=C(CCN1CCOCC1)Nc1ccc2c(c1)/C(=C\c1c[nH]c3ccccc13)C(=O)N2,416.4810000000001,3.3214000000000006,3.0,4.0,6.080921907623926
270,CCNC(=O)c1n[nH]c2cc(-c3ccc(-n4cccc(C)c4=O)cc3Cl)ccc12,406.8730000000002,4.092320000000003,2.0,4.0,7.346787486224656
271,Cc1nc(Nc2[nH]nc3c2CN(C(=O)N[C@H](CN(C)C)c2ccccc2)C3(C)C)c2sccc2n1,490.6370000000002,4.529620000000004,3.0,7.0,7.2839966563652006
272,Cn1c(=O)c(S(=O)(=O)c2ccc(F)cc2F)cc2cnc(Nc3ccc4[nH]ccc4c3)nc21,467.4570000000001,3.6644000000000014,2.0,7.0,5.0
273,Nc1ncc(NC(=O)c2cc(NC(=O)c3cccc(C(F)(F)F)c3)ccc2Cl)cc1Cl,469.2500000000001,5.4940000000000015,3.0,4.0,4.522878745280337
274,O=C(O)C1CN(Cc2ccc(OCc3ccc(Cl)c(Cl)c3)cc2)C1,366.24400000000014,4.0888000000000035,1.0,3.0,5.0
275,COc1cccc(Nc2nc(NCC3CCCO3)c3ccccc3n2)c1,350.422,3.9729000000000028,2.0,6.0,4.315154638355588
276,CN1CC[C@H](c2cc(Nc3ccnc(N(C)C[C@H]4CC[C@H](N)CC4)n3)n[nH]2)C1=O,398.5150000000002,1.8426999999999996,3.0,7.0,5.0
277,O=C(Nc1ccc(Oc2ncnc3[nH]ncc23)cc1)Nc1ccc(Cl)c(C(F)(F)F)c1,448.7920000000001,5.461400000000002,3.0,5.0,5.0
278,CCn1c(=O)c(-c2ccc(-c3cncc(C)n3)cc2Cl)cc2cnc(NCCC3CCN(C)CC3)nc21,518.0650000000003,5.041020000000004,1.0,8.0,8.0
279,Cc1cccn(-c2ccc(-c3ccc4c(C(=O)N5CCCC5)n[nH]c4c3)c(Cl)c2)c1=O,432.91100000000023,4.578620000000004,1.0,4.0,5.0
280,CN1CCN(C2=Nc3cc(F)ccc3N(C)c3ccc(Cl)cc32)CC1,358.8480000000001,3.8861000000000034,0.0,4.0,4.6020599913279625
281,COc1ccc(-c2ocnc2C(=O)NCc2ccncc2)cc1,309.325,2.675200000000001,1.0,5.0,5.0
282,O=C1Nc2ccc(NC(=O)N3CCOCC3)cc2/C1=C\c1ccc(O)cc1,365.389,2.7490000000000014,3.0,4.0,4.522878745280337
283,CN(C)c1ccc(C(=O)Nc2cccc(NC(=O)COc3ccc4c(=O)ccoc4c3)c2)cc1,457.4860000000002,4.128800000000003,2.0,6.0,5.0
284,Cc1cnc(-c2cc(Cl)ccc2F)cc1-n1c(=O)n(CC(N)=O)c2cnccc21,411.8240000000002,2.83542,1.0,6.0,5.301029995663981
285,CN(C)CCCNC(=O)c1csc2nc(-c3ccc(NC(=O)Nc4cc(C(C)(C)C)on4)cc3)cn12,509.63600000000025,4.6738000000000035,3.0,8.0,5.0
286,CCn1c(=O)c(-c2ccc(-c3cncs3)cc2Cl)cc2cnc(Nc3ccc(N4CCN(C)CC4)cc3)nc21,558.1110000000002,5.7507000000000055,1.0,9.0,8.0
287,CCS(=O)(=O)c1cc(Nc2ncc(F)c(N(Cc3ccccc3C#N)c3cc(CO)ccc3C)n2)ccc1N1CCN(C)CC1,629.7619999999998,4.915400000000004,2.0,10.0,9.0
288,CNc1nc2ccc(C#C[C@@](C)(O)c3cc(C)on3)cc2n1-c1ncnc(N)n1,390.4070000000001,1.3900199999999998,3.0,10.0,5.346787486224656
289,CCn1c(=O)c(-c2ccc(Cl)cc2Cl)cc2cnc(Nc3ccc(N4CCNCC4)c(F)c3)nc21,513.4040000000002,5.077500000000004,2.0,7.0,8.0
290,Oc1cccc(Nc2ccnc3[nH]c4ccccc4c23)c1,275.31100000000004,4.165300000000001,3.0,3.0,5.0
291,C/C=C1\NC(=O)[C@H]2CSSCC/C=C/[C@@H](CC(=O)N[C@H](C(C)C)C(=O)N2)OC(=O)[C@H](C(C)C)NC1=O,540.7080000000002,1.4296000000000009,4.0,8.0,9.0
292,CCN(C[C@H]1CC[C@H](N)CC1)c1nccc(Nc2cc([C@H]3CCN(C)C3=O)[nH]n2)n1,412.5420000000002,2.2328,3.0,7.0,5.0
293,CCNc1nc2ccc(C#C[C@@](C)(O)c3cc(C)on3)cc2n1-c1ncnc(N)n1,404.4340000000001,1.7801199999999995,3.0,10.0,5.346787486224656
294,S=C(Nc1cccc2ccccc12)N1CCC(Nc2ncnc3[nH]ncc23)CC1,403.51500000000016,3.7794000000000008,3.0,5.0,4.301029995663981
295,CS(=O)(=O)O.O=C(NCc1cccc(O)c1)Nc1nc(-c2ccncc2)cs1,326.38100000000003,3.232400000000002,3.0,5.0,9.0
296,CC(=O)n1nc(C)c(-c2ccc(Cl)c(Cl)c2)c1N,284.146,3.4076200000000014,1.0,4.0,4.0
297,Cc1n[nH]c2ccc(-c3cc(N[C@@H](CO)c4ccccc4)cnc3Cl)cc12,378.8630000000001,4.7322200000000025,3.0,4.0,6.0
298,O=C(Cc1cccc(OCCCC2CCNCC2)c1)Nc1nc(-c2ccncc2)cs1,436.581,4.544900000000003,2.0,6.0,5.0
299,O=C(CCN1CCCCC1)Nc1ccc2c(c1)/C(=C\c1ccc3ccccc3c1)C(=O)N2,425.53200000000015,5.147000000000004,2.0,3.0,4.522878745280337
300,O=C(c1cccc(C(F)(F)F)c1)N1CCC(Nc2ncnc3[nH]ncc23)CC1,390.3690000000001,3.088400000000001,2.0,5.0,4.301029995663981
301,O=C(Nc1cccc2ccccc12)N1CCC(Nc2ncnc3[nH]ncc23)CC1,387.4470000000001,3.6145000000000014,3.0,5.0,4.301029995663981
302,Cc1cccn(-c2ccc(-c3ccc4c(C(=O)N5CCOCC5)n[nH]c4c3)c(Cl)c2)c1=O,448.91000000000025,3.8150200000000023,1.0,5.0,5.0
303,O=C(c1ccc(C(F)(F)F)cc1)N1CCC(Nc2ncnc3[nH]ncc23)CC1,390.36900000000014,3.088400000000001,2.0,5.0,4.301029995663981
304,COc1ccc(/C=C2/C(=O)Nc3ccc(NC(=O)N4CCOCC4)cc32)cc1,379.4160000000002,3.0520000000000014,2.0,4.0,4.522878745280337
305,O=C(CCN1CCOCC1)Nc1ccc2c(c1)/C(=C\c1ccc([N+](=O)[O-])cc1)C(=O)N2,422.44100000000014,2.7483000000000004,2.0,6.0,4.301029995663981
306,C[C@@H]1C[C@H]1C(=O)N1CCN(c2cnc(C#N)c(-c3cnn(C)c3)n2)C[C@H]1C,365.4410000000001,1.4418799999999996,0.0,7.0,4.0
307,CN(C)c1ccc(/C=C2/C(=O)Nc3ccc(NC(=O)N4CCOCC4)cc32)cc1,392.45900000000023,3.1094000000000017,2.0,4.0,4.522878745280337
308,O=C(Cc1cccc(OCCCN2CCNCC2)c1)Nc1nc(-c2ccncc2)cs1,437.569,3.0604000000000005,2.0,7.0,5.0
309,O=C(Cc1ccc(-c2ccccc2)cc1)Nc1cc(C2CCC2)[nH]n1,331.41900000000015,4.525400000000002,2.0,2.0,5.0
310,CCn1nc(C#Cc2cc(C(=O)Nc3ccc(CN4CCN(C)CC4)c(C(F)(F)F)c3)ccc2C)c2c(N)ncnc21,576.6270000000001,4.155120000000003,2.0,8.0,5.0
311,CNc1ncc2cc(-c3ccc(-n4cncc(C)c4=O)cc3Cl)c(=O)n(CCOC)c2n1,452.9020000000002,2.6543200000000002,1.0,9.0,6.096910013008056
312,CCn1c(=O)c(-c2ccc(-c3cncc(C)n3)cc2Cl)cc2cnc(NCCC3CCN(C)CC3)nc21,518.0650000000003,5.041020000000004,1.0,8.0,6.657577319177793
313,CNc1ncc2cc(-c3ccc(-n4cccc(C)c4=O)cc3Cl)c(=O)n(CCC3(F)CN(C)C3)c2n1,508.98500000000035,3.6567200000000026,1.0,8.0,7.481486060122112
314,CNc1ncc2cc(-c3ccc(-n4cccc(C)c4=O)cc3Cl)c(=O)n(CCCN)c2n1,450.9300000000003,2.9617200000000006,2.0,8.0,6.220403508742176
315,CNc1ncc2cc(-c3ccc(-n4cccc(C)c4=O)cc3Cl)c(=O)n(CC3CCNCC3(F)F)c2n1,526.9750000000003,3.8577200000000023,2.0,8.0,7.107905397309519
316,CCc1cccn(-c2ccc(-c3cc4cnc(NC)nc4n(C[C@H]4CNCCO4)c3=O)c(Cl)c2)c1=O,506.9940000000003,2.8553000000000006,2.0,9.0,6.619788758288394
317,CNc1ncc2cc(-c3ccc(-n4cccc(C)c4=O)cc3Cl)c(=O)n(CCO)c2n1,437.8870000000002,2.6052200000000014,2.0,8.0,6.031517051446065
318,COCCn1c(=O)c(-c2ccc(-n3cccc(C)c3=O)cc2Cl)cc2cnc(NC3COC3)nc21,493.9510000000002,3.028320000000001,1.0,9.0,6.5376020021010435
319,CCn1c(=O)c(-c2ccc(-n3cccc(C)c3=O)cc2Cl)cc2cnc(NC3COC3)nc21,463.92500000000024,3.4018200000000016,1.0,8.0,6.823908740944319
320,Cc1nccn(-c2ccc(-c3cc4cnc(NC5COC5)nc4n(CC4CCNCC4(F)F)c3=O)c(Cl)c2)c1=O,570.0000000000003,3.02172,2.0,10.0,6.552841968657781
321,CNc1ncc2cc(-c3ccc(-n4cccc(C)c4=O)cc3Cl)c(=O)n(CC(F)(F)CN)c2n1,486.91000000000025,3.206920000000001,2.0,8.0,6.337242168318426
322,CNc1ncc2cc(-c3ccc(-n4cccc(C)c4=O)cc3C3CC3)c(=O)n(C[C@@H]3CNCCO3)c2n1,498.5870000000004,2.8253200000000005,2.0,9.0,4.823908740944319
323,CNc1ncc2cc(-c3ccc(-n4cccc(C)c4=O)cc3Cl)c(=O)n(CCOC)c2n1,451.91400000000027,3.2593200000000015,1.0,8.0,6.346787486224656
324,CNc1ncc2cc(-c3ccc(-n4cccc(C)c4=O)cc3Cl)c(=O)n(CCOC3CN(C)C3)c2n1,506.99400000000037,2.9435200000000012,1.0,9.0,7.055517327849832
325,CCn1c(=O)c(-c2ccc(-n3cccc(C)c3=O)cc2Cl)cc2cnc(NC)nc21,421.88800000000015,3.6328200000000015,1.0,7.0,6.468521082957745
326,CNc1ncc2cc(-c3ccc(-n4ccc(C)cc4=O)cc3Cl)c(=O)n(C[C@H]3CNCCO3)c2n1,492.9670000000003,2.6013200000000003,2.0,9.0,4.522878745280337
327,Cc1cncc(-c2ccc(-c3cc4cncnc4n(C[C@H]4CC[C@H](N)CC4)c3=O)c(Cl)c2)n1,460.96900000000034,4.394820000000003,1.0,7.0,5.221848749616356
328,CNc1ncc2cc(-c3ccc(-c4cccc(C)n4)cc3Cl)c(=O)n(C[C@H]3OC[C@H](N)CO3)c2n1,492.9670000000003,3.22422,2.0,9.0,7.1487416512809245
